SlNo,State_Code,State,District_Key,District,Confirmed,Active,Recovered,Deceased,Migrated_Other,Delta_Confirmed,Delta_Active,Delta_Recovered,Delta_Deceased,District_Notes,Last_Updated
0,UN,State Unassigned,UN_Unassigned,Unassigned,0,0,0,0,0,0,0,0,0,,
1,AN,Andaman and Nicobar Islands,AN_Nicobars,Nicobars,0,0,0,0,0,0,0,0,0,District-wise numbers are out-dated as cumulative counts for each district are not reported in bulletin,
2,AN,Andaman and Nicobar Islands,AN_North and Middle Andaman,North and Middle Andaman,1,0,1,0,0,0,0,0,0,District-wise numbers are out-dated as cumulative counts for each district are not reported in bulletin,
3,AN,Andaman and Nicobar Islands,AN_South Andaman,South Andaman,51,19,32,0,0,0,0,0,0,District-wise numbers are out-dated as cumulative counts for each district are not reported in bulletin,
0,AP,Andhra Pradesh,AP_Foreign Evacuees,Foreign Evacuees,434,0,434,0,0,0,0,0,0,,
4,AP,Andhra Pradesh,AP_Anantapur,Anantapur,67678,30,67049,599,0,1,-3,4,0,,
5,AP,Andhra Pradesh,AP_Chittoor,Chittoor,87157,153,86157,847,0,24,18,6,0,,
6,AP,Andhra Pradesh,AP_East Godavari,East Godavari,124336,103,123597,636,0,11,2,9,0,,
7,AP,Andhra Pradesh,AP_Guntur,Guntur,75587,97,74819,671,0,8,-11,19,0,,
8,AP,Andhra Pradesh,AP_Krishna,Krishna,48785,183,47923,679,0,9,-29,38,0,,
9,AP,Andhra Pradesh,AP_Kurnool,Kurnool,60839,23,60328,488,0,0,-7,7,0,,
0,AP,Andhra Pradesh,AP_Other State,Other State,2461,0,2461,0,0,0,0,0,0,,
10,AP,Andhra Pradesh,AP_Prakasam,Prakasam,62187,56,61551,580,0,1,1,0,0,,
11,AP,Andhra Pradesh,AP_S.P.S. Nellore,S.P.S. Nellore,62369,70,61793,506,0,0,-2,2,0,,
12,AP,Andhra Pradesh,AP_Srikakulam,Srikakulam,46150,10,45793,347,0,1,-1,2,0,,
13,AP,Andhra Pradesh,AP_Visakhapatnam,Visakhapatnam,59872,61,59247,564,0,10,-6,16,0,,
14,AP,Andhra Pradesh,AP_Vizianagaram,Vizianagaram,41145,12,40895,238,0,1,0,1,0,,
15,AP,Andhra Pradesh,AP_West Godavari,West Godavari,94259,48,93669,542,0,0,-8,8,0,,
16,AP,Andhra Pradesh,AP_Y.S.R. Kadapa,Y.S.R. Kadapa,55296,71,54762,463,0,4,1,3,0,,
17,AR,Arunachal Pradesh,AR_Anjaw,Anjaw,204,0,204,0,0,0,0,0,0,,
18,AR,Arunachal Pradesh,AR_Changlang,Changlang,1282,0,1278,4,0,0,0,0,0,,
19,AR,Arunachal Pradesh,AR_East Kameng,East Kameng,304,0,304,0,0,0,0,0,0,,
20,AR,Arunachal Pradesh,AR_East Siang,East Siang,1144,1,1139,4,0,0,0,0,0,,
21,AR,Arunachal Pradesh,AR_Kamle,Kamle,30,0,30,0,0,0,0,0,0,,
22,AR,Arunachal Pradesh,AR_Kra Daadi,Kra Daadi,37,0,37,0,0,0,0,0,0,,
23,AR,Arunachal Pradesh,AR_Kurung Kumey,Kurung Kumey,117,0,117,0,0,0,0,0,0,,
24,AR,Arunachal Pradesh,AR_Lepa Rada,Lepa Rada,286,0,286,0,0,0,0,0,0,,
25,AR,Arunachal Pradesh,AR_Lohit,Lohit,573,1,572,0,0,0,0,0,0,,
26,AR,Arunachal Pradesh,AR_Longding,Longding,250,0,250,0,0,0,0,0,0,,
27,AR,Arunachal Pradesh,AR_Lower Dibang Valley,Lower Dibang Valley,475,1,474,0,0,0,0,0,0,,
28,AR,Arunachal Pradesh,AR_Lower Siang,Lower Siang,287,0,287,0,0,0,0,0,0,,
29,AR,Arunachal Pradesh,AR_Lower Subansiri,Lower Subansiri,381,0,380,1,0,0,0,0,0,,
30,AR,Arunachal Pradesh,AR_Namsai,Namsai,430,0,426,4,0,0,0,0,0,,
31,AR,Arunachal Pradesh,AR_Pakke Kessang,Pakke Kessang,132,0,132,0,0,0,0,0,0,,
32,AR,Arunachal Pradesh,AR_Papum Pare,Papum Pare,6779,0,6750,29,0,0,0,0,0,,
33,AR,Arunachal Pradesh,AR_Shi Yomi,Shi Yomi,104,0,104,0,0,0,0,0,0,,
34,AR,Arunachal Pradesh,AR_Siang,Siang,133,0,132,1,0,0,0,0,0,,
35,AR,Arunachal Pradesh,AR_Tawang,Tawang,492,0,490,2,0,0,0,0,0,,
36,AR,Arunachal Pradesh,AR_Tirap,Tirap,587,0,585,2,0,0,0,0,0,,
37,AR,Arunachal Pradesh,AR_Upper Dibang Valley,Upper Dibang Valley,23,0,23,0,0,0,0,0,0,,
38,AR,Arunachal Pradesh,AR_Upper Siang,Upper Siang,361,0,361,0,0,0,0,0,0,,
39,AR,Arunachal Pradesh,AR_Upper Subansiri,Upper Subansiri,441,0,439,2,0,0,0,0,0,,
40,AR,Arunachal Pradesh,AR_West Kameng,West Kameng,949,1,944,4,0,0,0,0,0,,
41,AR,Arunachal Pradesh,AR_West Siang,West Siang,1030,1,1026,3,0,0,0,0,0,,
0,AS,Assam,AS_Airport Quarantine,Airport Quarantine,13,0,13,0,0,0,0,0,0,,
42,AS,Assam,AS_Baksa,Baksa,687,233,447,7,0,0,0,0,0,,
43,AS,Assam,AS_Barpeta,Barpeta,1121,84,1024,13,0,0,0,0,0,,
44,AS,Assam,AS_Biswanath,Biswanath,468,81,379,8,0,0,0,0,0,,
45,AS,Assam,AS_Bongaigaon,Bongaigaon,1303,462,834,7,0,0,0,0,0,,
46,AS,Assam,AS_Cachar,Cachar,6242,4701,1498,43,0,0,0,0,0,,
47,AS,Assam,AS_Charaideo,Charaideo,116,0,105,11,0,0,0,0,0,,
48,AS,Assam,AS_Chirang,Chirang,280,53,219,8,0,0,0,0,0,,
49,AS,Assam,AS_Darrang,Darrang,1967,219,1730,18,0,0,0,0,0,,
50,AS,Assam,AS_Dhemaji,Dhemaji,765,317,440,8,0,0,0,0,0,,
51,AS,Assam,AS_Dhubri,Dhubri,1723,496,1215,12,0,0,0,0,0,,
52,AS,Assam,AS_Dibrugarh,Dibrugarh,9551,7040,2409,102,0,0,0,0,0,,
53,AS,Assam,AS_Dima Hasao,Dima Hasao,241,40,199,2,0,0,0,0,0,,
54,AS,Assam,AS_Goalpara,Goalpara,665,38,568,10,0,0,0,0,0,,
55,AS,Assam,AS_Golaghat,Golaghat,3809,2107,1656,46,0,0,0,0,0,,
56,AS,Assam,AS_Hailakandi,Hailakandi,1634,511,1116,7,0,0,0,0,0,,
57,AS,Assam,AS_Hojai,Hojai,1646,472,1160,14,0,0,0,0,0,,
58,AS,Assam,AS_Jorhat,Jorhat,8774,6968,1752,54,0,0,0,0,0,,
59,AS,Assam,AS_Kamrup,Kamrup,4593,2484,2074,35,0,0,0,0,0,,
60,AS,Assam,AS_Kamrup Metropolitan,Kamrup Metropolitan,50495,34973,15370,152,0,0,0,0,0,,
61,AS,Assam,AS_Karbi Anglong,Karbi Anglong,632,69,552,11,0,0,0,0,0,,
62,AS,Assam,AS_Karimganj,Karimganj,1206,225,955,26,0,0,0,0,0,,
63,AS,Assam,AS_Kokrajhar,Kokrajhar,410,45,353,12,0,0,0,0,0,,
64,AS,Assam,AS_Lakhimpur,Lakhimpur,3006,1847,1135,24,0,0,0,0,0,,
65,AS,Assam,AS_Majuli,Majuli,165,79,80,6,0,0,0,0,0,,
66,AS,Assam,AS_Morigaon,Morigaon,638,72,557,9,0,0,0,0,0,,
67,AS,Assam,AS_Nagaon,Nagaon,4531,1999,2506,26,0,0,0,0,0,,
68,AS,Assam,AS_Nalbari,Nalbari,948,103,828,17,0,0,0,0,0,,
0,AS,Assam,AS_Other State,Other State,1,0,1,0,0,0,0,0,0,,
69,AS,Assam,AS_Sivasagar,Sivasagar,529,21,473,35,0,0,0,0,0,,
70,AS,Assam,AS_Sonitpur,Sonitpur,2558,812,1727,19,0,0,0,0,0,,
71,AS,Assam,AS_South Salmara Mankachar,South Salmara Mankachar,53,5,47,1,0,0,0,0,0,,
72,AS,Assam,AS_Tinsukia,Tinsukia,3377,1536,1798,43,0,0,0,0,0,,
73,AS,Assam,AS_Udalguri,Udalguri,758,84,666,8,0,0,0,0,0,,
74,AS,Assam,AS_West Karbi Anglong,West Karbi Anglong,39,1,37,1,0,0,0,0,0,,
75,BR,Bihar,BR_Araria,Araria,7252,2,7228,22,0,3,0,3,0,,
76,BR,Bihar,BR_Arwal,Arwal,2424,7,2405,12,0,0,0,0,0,,
77,BR,Bihar,BR_Aurangabad,Aurangabad,5520,31,5473,16,0,3,1,2,0,,
78,BR,Bihar,BR_Banka,Banka,3592,14,3558,20,0,6,5,1,0,,
79,BR,Bihar,BR_Begusarai,Begusarai,8103,22,8045,36,0,3,1,2,0,,
80,BR,Bihar,BR_Bhagalpur,Bhagalpur,9546,18,9448,80,0,3,3,0,0,,
81,BR,Bihar,BR_Bhojpur,Bhojpur,5107,4,5056,47,0,2,0,2,0,,
82,BR,Bihar,BR_Buxar,Buxar,4025,2,4003,20,0,2,0,2,0,,
83,BR,Bihar,BR_Darbhanga,Darbhanga,4256,6,4211,39,0,1,1,0,0,,
101,BR,Bihar,BR_East Champaran,East Champaran,8444,9,8382,53,0,1,1,0,0,,
84,BR,Bihar,BR_Gaya,Gaya,8069,51,7958,60,0,11,3,8,0,,
85,BR,Bihar,BR_Gopalganj,Gopalganj,5819,6,5798,15,0,0,-2,2,0,,
86,BR,Bihar,BR_Jamui,Jamui,3164,7,3147,10,0,4,4,0,0,,
87,BR,Bihar,BR_Jehanabad,Jehanabad,4582,4,4553,25,0,3,1,2,0,,
88,BR,Bihar,BR_Kaimur,Kaimur,2249,6,2233,10,0,1,0,1,0,,
89,BR,Bihar,BR_Katihar,Katihar,7225,2,7211,12,0,0,0,0,0,,
90,BR,Bihar,BR_Khagaria,Khagaria,3133,1,3118,14,0,0,0,0,0,,
91,BR,Bihar,BR_Kishanganj,Kishanganj,4316,2,4301,13,0,1,1,0,0,,
92,BR,Bihar,BR_Lakhisarai,Lakhisarai,3841,8,3824,9,0,2,-2,4,0,,
93,BR,Bihar,BR_Madhepura,Madhepura,4875,10,4848,17,0,2,1,1,0,,
94,BR,Bihar,BR_Madhubani,Madhubani,7724,4,7686,34,0,1,0,1,0,,
95,BR,Bihar,BR_Munger,Munger,4257,4,4198,55,0,1,1,0,0,,
96,BR,Bihar,BR_Muzaffarpur,Muzaffarpur,11914,16,11847,51,0,2,1,1,0,,
97,BR,Bihar,BR_Nalanda,Nalanda,8326,11,8257,58,0,0,-2,2,0,,
98,BR,Bihar,BR_Nawada,Nawada,4241,7,4210,24,0,0,0,0,0,,
100,BR,Bihar,BR_Patna,Patna,52501,375,51698,428,0,18,-37,54,1,,
102,BR,Bihar,BR_Purnia,Purnia,9394,5,9364,25,0,1,-1,2,0,,
103,BR,Bihar,BR_Rohtas,Rohtas,6840,7,6788,45,0,0,-2,2,0,,
104,BR,Bihar,BR_Saharsa,Saharsa,6853,13,6828,12,0,2,2,0,0,,
105,BR,Bihar,BR_Samastipur,Samastipur,5324,11,5278,35,0,7,0,7,0,,
106,BR,Bihar,BR_Saran,Saran,7419,33,7322,64,0,2,-2,4,0,,
107,BR,Bihar,BR_Sheikhpura,Sheikhpura,2999,1,2985,13,0,0,0,0,0,,
108,BR,Bihar,BR_Sheohar,Sheohar,1533,13,1519,1,0,1,1,0,0,,
109,BR,Bihar,BR_Sitamarhi,Sitamarhi,4459,3,4439,17,0,0,0,0,0,,
110,BR,Bihar,BR_Siwan,Siwan,4807,16,4756,35,0,2,-4,6,0,,
111,BR,Bihar,BR_Supaul,Supaul,5631,0,5612,19,0,1,-2,3,0,,
112,BR,Bihar,BR_Vaishali,Vaishali,5630,17,5563,49,1,3,-2,5,0,,
99,BR,Bihar,BR_West Champaran,West Champaran,6053,6,6024,23,0,3,0,3,0,,
113,CH,Chandigarh,CH_Chandigarh,Chandigarh,21107,169,20598,340,0,0,0,0,0,,
0,CT,Chhattisgarh,CT_Other State,Other State,475,18,395,62,0,0,0,0,0,,
114,CT,Chhattisgarh,CT_Balod,Balod,9824,239,9485,100,0,1,-3,4,0,,
115,CT,Chhattisgarh,CT_Baloda Bazar,Baloda Bazar,9995,240,9613,142,0,23,22,1,0,,
116,CT,Chhattisgarh,CT_Balrampur,Balrampur,3768,73,3680,15,0,0,0,0,0,,
117,CT,Chhattisgarh,CT_Bametara,Bametara,5052,158,4836,58,0,4,4,0,0,,
118,CT,Chhattisgarh,CT_Bastar,Bastar,9045,36,8923,86,0,1,1,0,0,,
119,CT,Chhattisgarh,CT_Bijapur,Bijapur,4115,5,4082,28,0,1,1,0,0,,
120,CT,Chhattisgarh,CT_Bilaspur,Bilaspur,21411,131,21063,217,0,10,-30,40,0,,
121,CT,Chhattisgarh,CT_Dakshin Bastar Dantewada,Dakshin Bastar Dantewada,6090,16,6057,17,0,1,-1,2,0,,
122,CT,Chhattisgarh,CT_Dhamtari,Dhamtari,8316,188,8000,128,0,8,6,2,0,,
123,CT,Chhattisgarh,CT_Durg,Durg,26951,787,25539,625,0,29,12,17,0,,
124,CT,Chhattisgarh,CT_Gariaband,Gariaband,4615,23,4536,56,0,1,-5,6,0,,
125,CT,Chhattisgarh,CT_Janjgir Champa,Janjgir Champa,20584,22,20325,237,0,2,-2,4,0,,
126,CT,Chhattisgarh,CT_Jashpur,Jashpur,3969,13,3923,33,0,0,-6,6,0,,
127,CT,Chhattisgarh,CT_Kabeerdham,Kabeerdham,5952,23,5856,73,0,0,-6,6,0,,
128,CT,Chhattisgarh,CT_Kondagaon,Kondagaon,5280,79,5167,34,0,2,2,0,0,,
129,CT,Chhattisgarh,CT_Korba,Korba,16973,139,16710,124,0,4,4,0,0,,
130,CT,Chhattisgarh,CT_Koriya,Koriya,5360,57,5266,37,0,0,-5,5,0,,
131,CT,Chhattisgarh,CT_Mahasamund,Mahasamund,9389,46,9197,146,0,12,7,4,1,,
132,CT,Chhattisgarh,CT_Mungeli,Mungeli,4114,38,4048,28,0,3,3,0,0,,
133,CT,Chhattisgarh,CT_Narayanpur,Narayanpur,1965,3,1960,2,0,1,1,0,0,,
134,CT,Chhattisgarh,CT_Raigarh,Raigarh,23960,288,23355,317,0,25,2,23,0,,
135,CT,Chhattisgarh,CT_Raipur,Raipur,54276,1236,52253,787,0,59,-9,68,0,,
136,CT,Chhattisgarh,CT_Rajnandgaon,Rajnandgaon,19755,128,19447,180,0,5,-3,7,1,,
137,CT,Chhattisgarh,CT_Sukma,Sukma,4012,8,3994,10,0,0,0,0,0,,
138,CT,Chhattisgarh,CT_Surajpur,Surajpur,6437,91,6303,43,0,5,-4,9,0,,
139,CT,Chhattisgarh,CT_Surguja,Surguja,8162,51,8020,91,0,7,-1,8,0,,
140,CT,Chhattisgarh,CT_Uttar Bastar Kanker,Uttar Bastar Kanker,6654,29,6565,60,0,2,-8,10,0,,
766,CT,Chhattisgarh,CT_Gaurela Pendra Marwahi,Gaurela Pendra Marwahi,1497,7,1480,10,0,0,0,0,0,,
144,DL,Delhi,DL_Central Delhi,Central Delhi,184,184,0,0,0,0,0,0,0,District-wise numbers are out-dated as cumulative counts for each district are not reported in bulletin,
145,DL,Delhi,DL_East Delhi,East Delhi,38,38,0,0,0,0,0,0,0,District-wise numbers are out-dated as cumulative counts for each district are not reported in bulletin,
146,DL,Delhi,DL_New Delhi,New Delhi,37,37,0,0,0,0,0,0,0,District-wise numbers are out-dated as cumulative counts for each district are not reported in bulletin,
147,DL,Delhi,DL_North Delhi,North Delhi,60,60,0,0,0,0,0,0,0,District-wise numbers are out-dated as cumulative counts for each district are not reported in bulletin,
148,DL,Delhi,DL_North East Delhi,North East Delhi,25,25,0,0,0,0,0,0,0,District-wise numbers are out-dated as cumulative counts for each district are not reported in bulletin,
149,DL,Delhi,DL_North West Delhi,North West Delhi,32,31,0,1,0,0,0,0,0,District-wise numbers are out-dated as cumulative counts for each district are not reported in bulletin,
150,DL,Delhi,DL_Shahdara,Shahdara,48,48,0,0,0,0,0,0,0,District-wise numbers are out-dated as cumulative counts for each district are not reported in bulletin,
151,DL,Delhi,DL_South Delhi,South Delhi,70,70,0,0,0,0,0,0,0,District-wise numbers are out-dated as cumulative counts for each district are not reported in bulletin,
152,DL,Delhi,DL_South East Delhi,South East Delhi,130,130,0,0,0,0,0,0,0,District-wise numbers are out-dated as cumulative counts for each district are not reported in bulletin,
153,DL,Delhi,DL_South West Delhi,South West Delhi,42,42,0,0,0,0,0,0,0,District-wise numbers are out-dated as cumulative counts for each district are not reported in bulletin,
154,DL,Delhi,DL_West Delhi,West Delhi,122,122,0,0,0,0,0,0,0,District-wise numbers are out-dated as cumulative counts for each district are not reported in bulletin,
0,DN,Dadra and Nagar Haveli and Daman and Diu,DN_Other State,Other State,0,0,0,0,0,0,0,0,0,,
141,DN,Dadra and Nagar Haveli and Daman and Diu,DN_Dadra and Nagar Haveli,Dadra and Nagar Haveli,1656,0,1650,1,5,0,0,0,0,,
142,DN,Dadra and Nagar Haveli and Daman and Diu,DN_Daman,Daman,1412,0,1387,1,24,0,0,0,0,,
143,DN,Dadra and Nagar Haveli and Daman and Diu,DN_Diu,Diu,312,3,309,0,0,0,0,0,0,,
0,GA,Goa,GA_Other State,Other State,200,9,190,1,0,0,0,0,0,District-wise numbers are out-dated as cumulative counts for each district are not reported in bulletin,
155,GA,Goa,GA_North Goa,North Goa,2668,1639,964,65,0,0,0,0,0,District-wise numbers are out-dated as cumulative counts for each district are not reported in bulletin,
156,GA,Goa,GA_South Goa,South Goa,3511,1978,1407,126,0,0,0,0,0,District-wise numbers are out-dated as cumulative counts for each district are not reported in bulletin,
0,GJ,Gujarat,GJ_Other State,Other State,162,0,159,3,0,0,0,0,0,,
157,GJ,Gujarat,GJ_Ahmedabad,Ahmedabad,61521,775,58445,2301,0,44,-80,123,1,,
158,GJ,Gujarat,GJ_Amreli,Amreli,3912,33,3846,33,0,0,-4,4,0,,
159,GJ,Gujarat,GJ_Anand,Anand,2545,29,2499,17,0,7,7,0,0,,
160,GJ,Gujarat,GJ_Aravalli,Aravalli,1205,2,1177,26,0,0,0,0,0,,
161,GJ,Gujarat,GJ_Banaskantha,Banaskantha,4702,7,4656,39,0,1,1,0,0,,
162,GJ,Gujarat,GJ_Bharuch,Bharuch,4140,11,4111,18,0,0,-2,2,0,,
163,GJ,Gujarat,GJ_Bhavnagar,Bhavnagar,6069,41,5960,68,0,3,-1,4,0,,
164,GJ,Gujarat,GJ_Botad,Botad,1047,1,1032,14,0,0,0,0,0,,
165,GJ,Gujarat,GJ_Chhota Udaipur,Chhota Udaipur,918,6,909,3,0,1,-1,2,0,,
167,GJ,Gujarat,GJ_Dahod,Dahod,3309,14,3288,7,0,2,2,0,0,,
187,GJ,Gujarat,GJ_Dang,Dang,183,0,182,1,0,0,0,0,0,,
166,GJ,Gujarat,GJ_Devbhumi Dwarka,Devbhumi Dwarka,1113,24,1084,5,0,0,0,0,0,,
168,GJ,Gujarat,GJ_Gandhinagar,Gandhinagar,8628,26,8495,107,0,8,2,6,0,,
169,GJ,Gujarat,GJ_Gir Somnath,Gir Somnath,2519,37,2458,24,0,2,2,0,0,,
170,GJ,Gujarat,GJ_Jamnagar,Jamnagar,10528,66,10427,35,0,3,2,1,0,,
171,GJ,Gujarat,GJ_Junagadh,Junagadh,5353,37,5283,33,0,4,-9,13,0,,
173,GJ,Gujarat,GJ_Kheda,Kheda,3216,10,3189,17,0,1,-4,5,0,,
172,GJ,Gujarat,GJ_Kutch,Kutch,4464,23,4408,33,0,1,1,0,0,,
175,GJ,Gujarat,GJ_Mahisagar,Mahisagar,2026,22,1994,10,0,1,1,0,0,,
174,GJ,Gujarat,GJ_Mehsana,Mehsana,6988,19,6931,38,0,2,-4,6,0,,
176,GJ,Gujarat,GJ_Morbi,Morbi,3288,36,3233,19,0,1,-6,7,0,,
177,GJ,Gujarat,GJ_Narmada,Narmada,2105,36,2068,1,0,4,2,2,0,,
178,GJ,Gujarat,GJ_Navsari,Navsari,1637,8,1621,8,0,2,2,0,0,,
179,GJ,Gujarat,GJ_Panchmahal,Panchmahal,4280,24,4234,22,0,1,-3,4,0,,
180,GJ,Gujarat,GJ_Patan,Patan,4237,5,4179,53,0,0,0,0,0,,
181,GJ,Gujarat,GJ_Porbandar,Porbandar,728,0,724,4,0,0,-3,3,0,,
182,GJ,Gujarat,GJ_Rajkot,Rajkot,22592,229,22163,200,0,34,-10,44,0,,
183,GJ,Gujarat,GJ_Sabarkantha,Sabarkantha,3014,28,2973,13,0,3,1,2,0,,
184,GJ,Gujarat,GJ_Surat,Surat,52779,231,51572,976,0,36,-10,46,0,,
185,GJ,Gujarat,GJ_Surendranagar,Surendranagar,3539,29,3497,13,0,1,0,1,0,,
186,GJ,Gujarat,GJ_Tapi,Tapi,1074,1,1066,7,0,0,0,0,0,,
188,GJ,Gujarat,GJ_Vadodara,Vadodara,28679,223,28216,240,0,70,-5,75,0,,
189,GJ,Gujarat,GJ_Valsad,Valsad,1410,7,1394,9,0,2,-1,3,0,,
212,HP,Himachal Pradesh,HP_Bilaspur,Bilaspur,2923,7,2891,24,1,0,0,0,0,,
213,HP,Himachal Pradesh,HP_Chamba,Chamba,2960,7,2900,51,2,0,0,0,0,One death of COVID-19 positive patient has occured due to non-covid reasons,
214,HP,Himachal Pradesh,HP_Hamirpur,Hamirpur,3043,7,2986,49,1,0,0,0,0,,
215,HP,Himachal Pradesh,HP_Kangra,Kangra,8257,65,7985,205,2,4,0,4,0,Death of Tibetan refugee on March 22 included in Kangra district's tally,
216,HP,Himachal Pradesh,HP_Kinnaur,Kinnaur,1369,12,1341,16,0,0,-19,19,0,,
217,HP,Himachal Pradesh,HP_Kullu,Kullu,4423,7,4331,83,2,0,0,0,0,,
218,HP,Himachal Pradesh,HP_Lahaul and Spiti,Lahaul and Spiti,1258,0,1246,12,0,0,0,0,0,,
219,HP,Himachal Pradesh,HP_Mandi,Mandi,10202,206,9867,125,4,30,5,24,1,,
220,HP,Himachal Pradesh,HP_Shimla,Shimla,10414,32,10115,263,4,3,-6,9,0,One death of COVID-19 positive patient has occured due to non-covid reasons,
221,HP,Himachal Pradesh,HP_Sirmaur,Sirmaur,3451,13,3407,31,0,0,-4,4,0,,
222,HP,Himachal Pradesh,HP_Solan,Solan,6744,17,6654,73,0,0,-6,5,1,,
223,HP,Himachal Pradesh,HP_Una,Una,2918,48,2828,42,0,0,-7,7,0,,
0,HR,Haryana,HR_Foreign Evacuees,Foreign Evacuees,0,0,0,0,0,0,0,0,0,,
190,HR,Haryana,HR_Ambala,Ambala,11880,34,11702,144,0,3,-1,4,0,,
191,HR,Haryana,HR_Bhiwani,Bhiwani,6328,6,6177,145,0,2,2,0,0,,
192,HR,Haryana,HR_Charkhi Dadri,Charkhi Dadri,1518,5,1487,26,0,1,1,0,0,,
193,HR,Haryana,HR_Faridabad,Faridabad,46344,79,45850,415,0,7,-8,15,0,,
194,HR,Haryana,HR_Fatehabad,Fatehabad,4724,7,4599,118,0,0,-1,1,0,,
195,HR,Haryana,HR_Gurugram,Gurugram,58405,341,57709,355,0,22,6,16,0,,
196,HR,Haryana,HR_Hisar,Hisar,17103,11,16768,324,0,2,0,2,0,,
0,HR,Haryana,HR_Italians,Italians,0,0,0,0,0,0,0,0,0,,
197,HR,Haryana,HR_Jhajjar,Jhajjar,5900,1,5797,102,0,8,0,8,0,,
198,HR,Haryana,HR_Jind,Jind,4903,17,4792,94,0,0,0,0,0,,
199,HR,Haryana,HR_Kaithal,Kaithal,3892,19,3819,54,0,2,-8,10,0,,
200,HR,Haryana,HR_Karnal,Karnal,11188,42,10993,153,0,4,-4,8,0,,
201,HR,Haryana,HR_Kurukshetra,Kurukshetra,8890,49,8707,134,0,7,3,4,0,,
202,HR,Haryana,HR_Mahendragarh,Mahendragarh,6614,1,6592,21,0,0,-2,2,0,,
203,HR,Haryana,HR_Nuh,Nuh,1708,1,1677,30,0,1,0,1,0,,
204,HR,Haryana,HR_Palwal,Palwal,4427,2,4390,35,0,1,-3,2,2,,
205,HR,Haryana,HR_Panchkula,Panchkula,10621,94,10380,147,0,10,-9,19,0,,
206,HR,Haryana,HR_Panipat,Panipat,10775,32,10590,153,0,13,9,4,0,,
207,HR,Haryana,HR_Rewari,Rewari,11377,31,11270,76,0,0,0,0,0,,
208,HR,Haryana,HR_Rohtak,Rohtak,12292,20,12122,150,0,3,0,1,2,,
209,HR,Haryana,HR_Sirsa,Sirsa,8071,21,7934,116,0,3,0,3,0,,
210,HR,Haryana,HR_Sonipat,Sonipat,14800,2,14712,86,0,1,-3,4,0,,
211,HR,Haryana,HR_Yamunanagar,Yamunanagar,6840,39,6646,155,0,3,2,1,0,,
246,JH,Jharkhand,JH_Bokaro,Bokaro,6702,16,6621,65,0,0,0,0,0,,
247,JH,Jharkhand,JH_Chatra,Chatra,1428,6,1411,11,0,0,0,0,0,,
248,JH,Jharkhand,JH_Deoghar,Deoghar,3659,5,3631,23,0,0,0,0,0,,
249,JH,Jharkhand,JH_Dhanbad,Dhanbad,7762,17,7630,115,0,0,0,0,0,,
250,JH,Jharkhand,JH_Dumka,Dumka,1407,16,1377,14,0,0,0,0,0,,
264,JH,Jharkhand,JH_East Singhbhum,East Singhbhum,18381,63,17962,356,0,0,0,0,0,,
251,JH,Jharkhand,JH_Garhwa,Garhwa,2830,3,2814,13,0,0,0,0,0,,
252,JH,Jharkhand,JH_Giridih,Giridih,3424,0,3410,14,0,0,0,0,0,,
253,JH,Jharkhand,JH_Godda,Godda,2108,0,2098,10,0,0,0,0,0,,
254,JH,Jharkhand,JH_Gumla,Gumla,2337,28,2303,6,0,0,0,0,0,,
255,JH,Jharkhand,JH_Hazaribagh,Hazaribagh,4441,5,4399,37,0,0,0,0,0,,
256,JH,Jharkhand,JH_Jamtara,Jamtara,1270,1,1265,4,0,0,0,0,0,,
257,JH,Jharkhand,JH_Khunti,Khunti,2137,2,2128,7,0,0,0,0,0,,
258,JH,Jharkhand,JH_Koderma,Koderma,3471,8,3435,28,0,0,0,0,0,,
259,JH,Jharkhand,JH_Latehar,Latehar,1957,20,1930,7,0,0,0,0,0,,
260,JH,Jharkhand,JH_Lohardaga,Lohardaga,1803,19,1774,10,0,0,0,0,0,,
261,JH,Jharkhand,JH_Pakur,Pakur,903,0,901,2,0,0,0,0,0,,
262,JH,Jharkhand,JH_Palamu,Palamu,3640,6,3610,24,0,0,0,0,0,,
265,JH,Jharkhand,JH_Ramgarh,Ramgarh,4528,2,4498,28,0,0,0,0,0,,
266,JH,Jharkhand,JH_Ranchi,Ranchi,32646,205,32203,238,0,0,0,0,0,,
267,JH,Jharkhand,JH_Sahibganj,Sahibganj,1643,4,1630,9,0,0,0,0,0,,
268,JH,Jharkhand,JH_Saraikela-Kharsawan,Saraikela-Kharsawan,3691,5,3674,12,0,0,0,0,0,,
269,JH,Jharkhand,JH_Simdega,Simdega,2050,3,2041,6,0,0,0,0,0,,
263,JH,Jharkhand,JH_West Singhbhum,West Singhbhum,4837,4,4794,39,0,0,0,0,0,,
224,JK,Jammu and Kashmir,JK_Anantnag,Anantnag,4941,53,4802,86,0,1,-3,4,0,,
226,JK,Jammu and Kashmir,JK_Bandipora,Bandipora,4699,17,4621,61,0,1,-2,3,0,,
227,JK,Jammu and Kashmir,JK_Baramulla,Baramulla,8134,18,7942,174,0,3,0,3,0,,
225,JK,Jammu and Kashmir,JK_Budgam,Budgam,7804,39,7647,118,0,8,6,2,0,,
228,JK,Jammu and Kashmir,JK_Doda,Doda,3434,5,3365,64,0,1,0,1,0,,
229,JK,Jammu and Kashmir,JK_Ganderbal,Ganderbal,4647,53,4547,47,0,0,0,0,0,,
230,JK,Jammu and Kashmir,JK_Jammu,Jammu,25037,49,24617,371,0,8,8,0,0,,
231,JK,Jammu and Kashmir,JK_Kathua,Kathua,3256,3,3200,53,0,0,0,0,0,,
232,JK,Jammu and Kashmir,JK_Kishtwar,Kishtwar,2732,1,2709,22,0,0,0,0,0,,
233,JK,Jammu and Kashmir,JK_Kulgam,Kulgam,2702,16,2632,54,0,0,-3,3,0,,
234,JK,Jammu and Kashmir,JK_Kupwara,Kupwara,5666,9,5561,96,0,0,-5,5,0,,
235,JK,Jammu and Kashmir,JK_Mirpur,Mirpur,0,0,0,0,0,0,0,0,0,,
236,JK,Jammu and Kashmir,JK_Muzaffarabad,Muzaffarabad,0,0,0,0,0,0,0,0,0,,
237,JK,Jammu and Kashmir,JK_Pulwama,Pulwama,5766,52,5626,88,0,5,-2,7,0,,
238,JK,Jammu and Kashmir,JK_Punch,Punch,2507,16,2467,24,0,0,-5,5,0,,
239,JK,Jammu and Kashmir,JK_Rajouri,Rajouri,3870,2,3813,55,0,1,1,0,0,,
240,JK,Jammu and Kashmir,JK_Ramban,Ramban,2135,2,2112,21,0,0,-2,2,0,,
241,JK,Jammu and Kashmir,JK_Reasi,Reasi,1645,7,1623,15,0,0,0,0,0,,
242,JK,Jammu and Kashmir,JK_Samba,Samba,2832,7,2785,40,0,0,0,0,0,,
243,JK,Jammu and Kashmir,JK_Shopiyan,Shopiyan,2578,14,2524,40,0,1,1,0,0,,
244,JK,Jammu and Kashmir,JK_Srinagar,Srinagar,26396,204,25734,458,0,19,-1,20,0,,
245,JK,Jammu and Kashmir,JK_Udhampur,Udhampur,4226,26,4143,57,0,7,7,0,0,,
270,KA,Karnataka,KA_Bagalkote,Bagalkote,13765,8,13621,136,0,0,0,0,0,,
271,KA,Karnataka,KA_Ballari,Ballari,39178,40,38541,597,0,0,0,0,0,,
272,KA,Karnataka,KA_Belagavi,Belagavi,26751,72,26337,342,0,0,0,0,0,,
274,KA,Karnataka,KA_Bengaluru Rural,Bengaluru Rural,18708,55,18494,159,0,0,0,0,0,,
273,KA,Karnataka,KA_Bengaluru Urban,Bengaluru Urban,400692,3896,392389,4406,1,0,0,0,0,,
275,KA,Karnataka,KA_Bidar,Bidar,7459,56,7227,172,4,0,0,0,0,,
276,KA,Karnataka,KA_Chamarajanagara,Chamarajanagara,6940,18,6791,120,11,0,0,0,0,,
277,KA,Karnataka,KA_Chikkaballapura,Chikkaballapura,13650,32,13500,117,1,0,0,0,0,,
278,KA,Karnataka,KA_Chikkamagaluru,Chikkamagaluru,13969,21,13809,139,0,0,0,0,0,,
279,KA,Karnataka,KA_Chitradurga,Chitradurga,14786,161,14556,69,0,0,0,0,0,,
280,KA,Karnataka,KA_Dakshina Kannada,Dakshina Kannada,34045,338,32967,738,2,0,0,0,0,,
281,KA,Karnataka,KA_Davanagere,Davanagere,22365,43,22058,264,0,0,0,0,0,,
282,KA,Karnataka,KA_Dharwad,Dharwad,22226,49,21563,614,0,0,0,0,0,,
283,KA,Karnataka,KA_Gadag,Gadag,10993,7,10845,141,0,0,0,0,0,,
284,KA,Karnataka,KA_Hassan,Hassan,28581,84,28102,395,0,0,0,0,0,,
285,KA,Karnataka,KA_Haveri,Haveri,11004,4,10810,190,0,0,0,0,0,,
286,KA,Karnataka,KA_Kalaburagi,Kalaburagi,21737,168,21241,328,0,0,0,0,0,,
287,KA,Karnataka,KA_Kodagu,Kodagu,6084,77,5935,72,0,0,0,0,0,,
288,KA,Karnataka,KA_Kolar,Kolar,10033,50,9806,177,0,0,0,0,0,,
289,KA,Karnataka,KA_Koppal,Koppal,13934,10,13645,279,0,0,0,0,0,,
290,KA,Karnataka,KA_Mandya,Mandya,19701,39,19511,151,0,0,0,0,0,,
291,KA,Karnataka,KA_Mysuru,Mysuru,53624,198,52399,1027,0,0,0,0,0,,
0,KA,Karnataka,KA_Other State,Other State,36,0,33,3,0,0,0,0,0,,
292,KA,Karnataka,KA_Raichur,Raichur,14281,17,14106,158,0,0,0,0,0,,
293,KA,Karnataka,KA_Ramanagara,Ramanagara,7418,6,7335,77,0,0,0,0,0,,
294,KA,Karnataka,KA_Shivamogga,Shivamogga,22373,45,21979,349,0,0,0,0,0,,
295,KA,Karnataka,KA_Tumakuru,Tumakuru,25370,309,24676,385,0,0,0,0,0,,
296,KA,Karnataka,KA_Udupi,Udupi,23405,53,23163,189,0,0,0,0,0,,
297,KA,Karnataka,KA_Uttara Kannada,Uttara Kannada,14630,51,14401,178,0,0,0,0,0,,
298,KA,Karnataka,KA_Vijayapura,Vijayapura,14439,20,14213,206,0,0,0,0,0,,
299,KA,Karnataka,KA_Yadgir,Yadgir,10669,7,10601,61,0,0,0,0,0,,
0,KL,Kerala,KL_Other State,Other State,0,0,0,0,0,0,0,0,0,,
300,KL,Kerala,KL_Alappuzha,Alappuzha,71878,3802,67735,318,23,338,57,279,2,,
301,KL,Kerala,KL_Ernakulam,Ernakulam,114089,10022,103643,398,26,615,10,605,0,,
302,KL,Kerala,KL_Idukki,Idukki,25056,3971,21044,36,5,100,-289,388,1,,
303,KL,Kerala,KL_Kannur,Kannur,49682,3876,45520,265,21,273,9,263,1,,
304,KL,Kerala,KL_Kasaragod,Kasaragod,27174,1777,25297,94,6,112,-57,169,0,,
305,KL,Kerala,KL_Kollam,Kollam,79058,5442,73319,276,21,586,268,317,1,,
306,KL,Kerala,KL_Kottayam,Kottayam,72033,4495,67346,186,6,555,-639,1194,0,,
307,KL,Kerala,KL_Kozhikode,Kozhikode,110126,6178,103512,415,21,477,-324,797,4,,
308,KL,Kerala,KL_Malappuram,Malappuram,109998,3149,106440,395,14,449,-197,645,1,,
309,KL,Kerala,KL_Palakkad,Palakkad,56733,3500,53053,171,9,186,-15,201,0,,
310,KL,Kerala,KL_Pathanamthitta,Pathanamthitta,48811,6808,41901,94,8,496,73,423,0,,
311,KL,Kerala,KL_Thiruvananthapuram,Thiruvananthapuram,96752,4110,91781,779,82,455,27,422,6,,
312,KL,Kerala,KL_Thrissur,Thrissur,91485,4424,86646,401,14,498,-10,506,2,,
313,KL,Kerala,KL_Wayanad,Wayanad,24520,2579,21865,75,1,74,-193,266,1,,
314,LA,Ladakh,LA_Kargil,Kargil,2112,8,2060,44,0,0,0,0,0,,
315,LA,Ladakh,LA_Leh,Leh,7641,63,7492,86,0,0,0,0,0,,
316,LD,Lakshadweep,LD_Lakshadweep,Lakshadweep,154,78,74,0,2,0,0,0,0,,
369,MH,Maharashtra,MH_Ahmednagar,Ahmednagar,72652,1101,70445,1105,1,0,0,0,0,,
370,MH,Maharashtra,MH_Akola,Akola,12099,456,11271,367,5,0,0,0,0,,
371,MH,Maharashtra,MH_Amravati,Amravati,23341,856,22080,403,2,0,0,0,0,,
372,MH,Maharashtra,MH_Aurangabad,Aurangabad,49637,466,47911,1245,15,0,0,0,0,,
374,MH,Maharashtra,MH_Beed,Beed,18376,537,17281,551,7,0,0,0,0,,
373,MH,Maharashtra,MH_Bhandara,Bhandara,13637,207,13119,309,2,0,0,0,0,,
375,MH,Maharashtra,MH_Buldhana,Buldhana,15335,747,14335,247,6,0,0,0,0,,
376,MH,Maharashtra,MH_Chandrapur,Chandrapur,24237,203,23617,415,2,0,0,0,0,,
377,MH,Maharashtra,MH_Dhule,Dhule,16196,126,15723,344,3,0,0,0,0,,
378,MH,Maharashtra,MH_Gadchiroli,Gadchiroli,8877,56,8715,97,9,0,0,0,0,,
379,MH,Maharashtra,MH_Gondia,Gondia,14419,308,13931,174,6,0,0,0,0,,
380,MH,Maharashtra,MH_Hingoli,Hingoli,4468,115,4255,98,0,0,0,0,0,,
381,MH,Maharashtra,MH_Jalgaon,Jalgaon,57768,508,55761,1479,20,0,0,0,0,,
382,MH,Maharashtra,MH_Jalna,Jalna,13504,248,12891,364,1,0,0,0,0,,
383,MH,Maharashtra,MH_Kolhapur,Kolhapur,49270,176,47416,1675,3,0,0,0,0,,
384,MH,Maharashtra,MH_Latur,Latur,24723,625,23400,694,4,0,0,0,0,,
385,MH,Maharashtra,MH_Mumbai,Mumbai,312280,5338,294630,11395,917,0,0,0,0,"[Sep 9]After reconciling COVID-19 cases in Mumbai, owing to the removal of duplicates and change of addresses as per the original residence, 239 cases have been removed from the progressive figures.",
386,MH,Maharashtra,MH_Mumbai Suburban,Mumbai Suburban,0,0,0,0,0,0,0,0,0,,
387,MH,Maharashtra,MH_Nagpur,Nagpur,137947,3521,131008,3377,41,0,0,0,0,District administration provides number of persons tested instead of the number of samples tested.,
388,MH,Maharashtra,MH_Nanded,Nanded,22479,369,21425,680,5,0,0,0,0,Number of active cases differs in the state bulletin and district bulletin. We follow the state bulletin.,
389,MH,Maharashtra,MH_Nandurbar,Nandurbar,9907,438,9256,212,1,0,0,0,0,,
390,MH,Maharashtra,MH_Nashik,Nashik,122467,1000,119464,2002,1,0,0,0,0,Number of active cases differs in the state bulletin and district bulletin. We follow the state bulletin.,
391,MH,Maharashtra,MH_Osmanabad,Osmanabad,17631,366,16699,557,9,0,0,0,0,,
0,MH,Maharashtra,MH_Other State,Other State,150,63,0,85,2,0,0,0,0,,
392,MH,Maharashtra,MH_Palghar,Palghar,48232,428,46867,920,17,0,0,0,0,,
393,MH,Maharashtra,MH_Parbhani,Parbhani,7974,130,7536,297,11,0,0,0,0,,
394,MH,Maharashtra,MH_Pune,Pune,391769,5824,377891,8012,42,0,0,0,0,Number of active cases differs in the state bulletin and district bulletin. We follow the state bulletin.,
395,MH,Maharashtra,MH_Raigad,Raigad,69086,543,66997,1539,7,0,0,0,0,Number of active cases differs in the state bulletin and district bulletin. We follow the state bulletin.,
396,MH,Maharashtra,MH_Ratnagiri,Ratnagiri,11634,187,11052,393,2,0,0,0,0,,
397,MH,Maharashtra,MH_Sangli,Sangli,50983,691,48505,1784,3,0,0,0,0,,
398,MH,Maharashtra,MH_Satara,Satara,56999,795,54375,1819,10,0,0,0,0,,
399,MH,Maharashtra,MH_Sindhudurg,Sindhudurg,6480,247,6061,171,1,0,0,0,0,,
400,MH,Maharashtra,MH_Solapur,Solapur,56465,639,53962,1830,34,0,0,0,0,,
401,MH,Maharashtra,MH_Thane,Thane,270941,6459,258640,5781,61,0,0,0,0,,
402,MH,Maharashtra,MH_Wardha,Wardha,10999,354,10329,302,14,0,0,0,0,,
403,MH,Maharashtra,MH_Washim,Washim,7434,137,7135,159,3,0,0,0,0,,
404,MH,Maharashtra,MH_Yavatmal,Yavatmal,15891,456,14988,443,4,0,0,0,0,,
421,ML,Meghalaya,ML_East Garo Hills,East Garo Hills,339,0,338,1,0,0,0,0,0,,
422,ML,Meghalaya,ML_East Jaintia Hills,East Jaintia Hills,548,2,546,0,0,0,0,0,0,,
423,ML,Meghalaya,ML_East Khasi Hills,East Khasi Hills,8624,89,8413,122,0,0,0,0,0,,
424,ML,Meghalaya,ML_North Garo Hills,North Garo Hills,120,0,118,2,0,0,0,0,0,,
425,ML,Meghalaya,ML_Ribhoi,Ribhoi,1381,22,1357,2,0,0,0,0,0,,
426,ML,Meghalaya,ML_South Garo Hills,South Garo Hills,198,0,198,0,0,0,0,0,0,,
427,ML,Meghalaya,ML_South West Garo Hills,South West Garo Hills,199,0,197,2,0,0,0,0,0,,
428,ML,Meghalaya,ML_South West Khasi Hills,South West Khasi Hills,57,0,57,0,0,0,0,0,0,,
429,ML,Meghalaya,ML_West Garo Hills,West Garo Hills,1715,1,1697,17,0,0,0,0,0,,
430,ML,Meghalaya,ML_West Jaintia Hills,West Jaintia Hills,526,16,509,1,0,0,0,0,0,,
431,ML,Meghalaya,ML_West Khasi Hills,West Khasi Hills,179,4,174,1,0,0,0,0,0,,
0,MN,Manipur,MN_CAPF Personnel,CAPF Personnel,2657,1255,1400,2,0,0,0,0,0,,
405,MN,Manipur,MN_Bishnupur,Bishnupur,1325,1243,58,24,0,0,0,0,0,,
406,MN,Manipur,MN_Chandel,Chandel,372,359,4,9,0,0,0,0,0,,
407,MN,Manipur,MN_Churachandpur,Churachandpur,1507,1421,58,28,0,0,0,0,0,,
408,MN,Manipur,MN_Imphal East,Imphal East,5660,5433,150,77,0,0,0,0,0,,
409,MN,Manipur,MN_Imphal West,Imphal West,8847,8693,52,102,0,0,0,0,0,,
410,MN,Manipur,MN_Jiribam,Jiribam,266,264,2,0,0,0,0,0,0,,
411,MN,Manipur,MN_Kakching,Kakching,805,770,27,8,0,0,0,0,0,,
412,MN,Manipur,MN_Kamjong,Kamjong,252,235,17,0,0,0,0,0,0,,
413,MN,Manipur,MN_Kangpokpi,Kangpokpi,621,592,19,10,0,0,0,0,0,,
414,MN,Manipur,MN_Noney,Noney,330,311,18,1,0,0,0,0,0,,
415,MN,Manipur,MN_Pherzawl,Pherzawl,37,22,15,0,0,0,0,0,0,,
416,MN,Manipur,MN_Senapati,Senapati,495,473,21,1,0,0,0,0,0,,
417,MN,Manipur,MN_Tamenglong,Tamenglong,1392,1354,32,6,0,0,0,0,0,,
418,MN,Manipur,MN_Tengnoupal,Tengnoupal,284,270,13,1,0,0,0,0,0,,
419,MN,Manipur,MN_Thoubal,Thoubal,2331,2268,23,40,0,0,0,0,0,,
420,MN,Manipur,MN_Ukhrul,Ukhrul,537,516,18,3,0,0,0,0,0,,
317,MP,Madhya Pradesh,MP_Agar Malwa,Agar Malwa,662,8,644,10,0,0,0,0,0,,
318,MP,Madhya Pradesh,MP_Alirajpur,Alirajpur,1296,2,1279,15,0,0,-1,1,0,,
319,MP,Madhya Pradesh,MP_Anuppur,Anuppur,2102,13,2074,15,0,3,2,1,0,,
320,MP,Madhya Pradesh,MP_Ashoknagar,Ashoknagar,1135,1,1117,17,0,0,-2,2,0,,
321,MP,Madhya Pradesh,MP_Balaghat,Balaghat,3182,11,3157,14,0,4,2,2,0,,
322,MP,Madhya Pradesh,MP_Barwani,Barwani,2924,25,2869,30,0,3,0,3,0,,
323,MP,Madhya Pradesh,MP_Betul,Betul,3624,51,3498,75,0,4,-8,12,0,,
324,MP,Madhya Pradesh,MP_Bhind,Bhind,1506,6,1490,10,0,0,0,0,0,,
325,MP,Madhya Pradesh,MP_Bhopal,Bhopal,43058,632,41810,616,0,44,-5,48,1,,
326,MP,Madhya Pradesh,MP_Burhanpur,Burhanpur,874,3,844,27,0,1,1,0,0,,
327,MP,Madhya Pradesh,MP_Chhatarpur,Chhatarpur,2108,8,2068,32,0,0,0,0,0,,
328,MP,Madhya Pradesh,MP_Chhindwara,Chhindwara,2877,31,2800,46,0,2,-1,3,0,,
329,MP,Madhya Pradesh,MP_Damoh,Damoh,2786,45,2650,91,0,4,1,3,0,,
330,MP,Madhya Pradesh,MP_Datia,Datia,1907,9,1878,20,0,2,2,0,0,,
331,MP,Madhya Pradesh,MP_Dewas,Dewas,2962,6,2929,27,0,3,2,1,0,,
332,MP,Madhya Pradesh,MP_Dhar,Dhar,4134,15,4061,58,0,2,-5,7,0,,
333,MP,Madhya Pradesh,MP_Dindori,Dindori,1013,21,991,1,0,2,-5,7,0,,
335,MP,Madhya Pradesh,MP_Guna,Guna,1553,4,1523,26,0,1,-6,7,0,,
336,MP,Madhya Pradesh,MP_Gwalior,Gwalior,16462,48,16186,228,0,3,-9,12,0,,
337,MP,Madhya Pradesh,MP_Harda,Harda,2137,10,2091,36,0,0,-3,2,1,,
338,MP,Madhya Pradesh,MP_Hoshangabad,Hoshangabad,3863,14,3788,61,0,0,-3,3,0,,
339,MP,Madhya Pradesh,MP_Indore,Indore,57770,301,56545,924,0,33,-14,47,0,,
340,MP,Madhya Pradesh,MP_Jabalpur,Jabalpur,16395,189,15955,251,0,11,1,10,0,,
341,MP,Madhya Pradesh,MP_Jhabua,Jhabua,2538,26,2485,27,0,3,0,3,0,,
342,MP,Madhya Pradesh,MP_Katni,Katni,2267,10,2240,17,0,0,0,0,0,,
334,MP,Madhya Pradesh,MP_Khandwa,Khandwa,2348,6,2279,63,0,1,0,1,0,,
368,MP,Madhya Pradesh,MP_Khargone,Khargone,5431,32,5292,107,0,4,4,0,0,,
343,MP,Madhya Pradesh,MP_Mandla,Mandla,1222,3,1209,10,0,0,0,0,0,,
344,MP,Madhya Pradesh,MP_Mandsaur,Mandsaur,2834,7,2792,35,0,2,2,0,0,,
345,MP,Madhya Pradesh,MP_Morena,Morena,3235,4,3202,29,0,1,1,0,0,,
346,MP,Madhya Pradesh,MP_Narsinghpur,Narsinghpur,3521,8,3483,30,0,1,0,1,0,,
347,MP,Madhya Pradesh,MP_Neemuch,Neemuch,3041,12,2992,37,0,1,-1,2,0,,
348,MP,Madhya Pradesh,MP_Niwari,Niwari,683,4,677,2,0,1,1,0,0,,
0,MP,Madhya Pradesh,MP_Other Region,Other Region,0,0,0,0,0,0,0,0,0,,
349,MP,Madhya Pradesh,MP_Panna,Panna,1128,8,1116,4,0,2,-2,4,0,,
350,MP,Madhya Pradesh,MP_Raisen,Raisen,2477,10,2421,46,0,1,-1,2,0,,
351,MP,Madhya Pradesh,MP_Rajgarh,Rajgarh,2440,52,2322,66,0,3,-1,4,0,,
352,MP,Madhya Pradesh,MP_Ratlam,Ratlam,4734,67,4586,81,0,6,3,3,0,,
353,MP,Madhya Pradesh,MP_Rewa,Rewa,4122,13,4074,35,0,2,2,0,0,,
354,MP,Madhya Pradesh,MP_Sagar,Sagar,5446,56,5240,150,0,5,-1,6,0,,
355,MP,Madhya Pradesh,MP_Satna,Satna,3478,3,3433,42,0,1,0,1,0,,
356,MP,Madhya Pradesh,MP_Sehore,Sehore,2807,13,2746,48,0,0,0,0,0,,
357,MP,Madhya Pradesh,MP_Seoni,Seoni,1588,8,1570,10,0,1,-1,2,0,,
358,MP,Madhya Pradesh,MP_Shahdol,Shahdol,2988,32,2926,30,0,1,0,1,0,,
359,MP,Madhya Pradesh,MP_Shajapur,Shajapur,1798,10,1766,22,0,2,-1,3,0,,
360,MP,Madhya Pradesh,MP_Sheopur,Sheopur,1502,26,1461,15,0,1,0,1,0,,
361,MP,Madhya Pradesh,MP_Shivpuri,Shivpuri,3647,9,3608,30,0,0,-4,4,0,,
362,MP,Madhya Pradesh,MP_Sidhi,Sidhi,2029,22,1994,13,0,2,0,2,0,,
363,MP,Madhya Pradesh,MP_Singrauli,Singrauli,1914,16,1872,26,0,0,0,0,0,,
364,MP,Madhya Pradesh,MP_Tikamgarh,Tikamgarh,1312,9,1276,27,0,0,-1,1,0,,
365,MP,Madhya Pradesh,MP_Ujjain,Ujjain,4979,47,4828,104,0,2,-4,6,0,,
366,MP,Madhya Pradesh,MP_Umaria,Umaria,1315,10,1287,18,0,0,0,0,0,,
367,MP,Madhya Pradesh,MP_Vidisha,Vidisha,3604,11,3522,71,0,2,1,1,0,,
432,MZ,Mizoram,MZ_Aizawl,Aizawl,2879,15,2856,8,0,0,0,0,0,,
433,MZ,Mizoram,MZ_Champhai,Champhai,94,0,94,0,0,0,0,0,0,,
729,MZ,Mizoram,MZ_Hnahthial,Hnahthial,20,0,20,0,0,0,0,0,0,,
730,MZ,Mizoram,MZ_Khawzawl,Khawzawl,23,0,23,0,0,0,0,0,0,,
434,MZ,Mizoram,MZ_Kolasib,Kolasib,295,1,294,0,0,0,0,0,0,,
435,MZ,Mizoram,MZ_Lawngtlai,Lawngtlai,331,2,329,0,0,0,0,0,0,,
436,MZ,Mizoram,MZ_Lunglei,Lunglei,414,3,411,0,0,0,0,0,0,,
437,MZ,Mizoram,MZ_Mamit,Mamit,82,0,82,0,0,0,0,0,0,,
438,MZ,Mizoram,MZ_Saiha,Saiha,36,0,36,0,0,0,0,0,0,,
728,MZ,Mizoram,MZ_Saitual,Saitual,29,0,29,0,0,0,0,0,0,,
439,MZ,Mizoram,MZ_Serchhip,Serchhip,180,0,179,1,0,0,0,0,0,,
0,NL,Nagaland,NL_Others,Others,0,0,0,0,0,0,0,0,0,,
440,NL,Nagaland,NL_Dimapur,Dimapur,6475,21,6320,59,75,0,-3,3,0,,
441,NL,Nagaland,NL_Kiphire,Kiphire,41,0,40,1,0,0,0,0,0,,
442,NL,Nagaland,NL_Kohima,Kohima,3851,63,3722,21,45,6,6,0,0,,
443,NL,Nagaland,NL_Longleng,Longleng,19,0,10,0,9,0,0,0,0,,
444,NL,Nagaland,NL_Mokokchung,Mokokchung,192,0,183,3,6,0,0,0,0,,
445,NL,Nagaland,NL_Mon,Mon,605,0,594,2,9,0,0,0,0,,
446,NL,Nagaland,NL_Peren,Peren,507,2,504,0,1,0,0,0,0,,
447,NL,Nagaland,NL_Phek,Phek,47,0,47,0,0,0,0,0,0,,
448,NL,Nagaland,NL_Tuensang,Tuensang,248,0,246,1,1,0,0,0,0,,
449,NL,Nagaland,NL_Wokha,Wokha,39,1,35,1,2,0,0,0,0,,
450,NL,Nagaland,NL_Zunheboto,Zunheboto,142,0,139,0,3,0,0,0,0,,
0,OR,Odisha,OR_State Pool,State Pool,8401,25,8376,0,0,3,1,2,0,,
0,OR,Odisha,OR_Others,Others,0,0,0,0,0,0,0,0,0,,
451,OR,Odisha,OR_Angul,Angul,11399,32,11330,37,0,3,-1,4,0,,
452,OR,Odisha,OR_Balangir,Balangir,8795,14,8740,41,0,3,3,0,0,,
453,OR,Odisha,OR_Balasore,Balasore,12317,35,12181,101,0,3,-4,7,0,,
454,OR,Odisha,OR_Bargarh,Bargarh,10555,54,10459,42,0,5,-6,11,0,,
456,OR,Odisha,OR_Bhadrak,Bhadrak,7485,14,7442,29,0,5,5,0,0,,
455,OR,Odisha,OR_Boudh,Boudh,2808,3,2794,11,0,0,0,0,0,,
457,OR,Odisha,OR_Cuttack,Cuttack,29090,62,28882,146,0,13,6,7,0,,
458,OR,Odisha,OR_Deogarh,Deogarh,1335,9,1321,5,0,0,-3,3,0,,
459,OR,Odisha,OR_Dhenkanal,Dhenkanal,5711,3,5679,29,0,0,0,0,0,,
460,OR,Odisha,OR_Gajapati,Gajapati,4072,6,4033,33,0,0,-2,2,0,,
461,OR,Odisha,OR_Ganjam,Ganjam,21887,9,21622,256,0,3,2,1,0,,
462,OR,Odisha,OR_Jagatsinghpur,Jagatsinghpur,9157,5,9114,38,0,1,0,1,0,,
463,OR,Odisha,OR_Jajpur,Jajpur,12232,26,12180,26,0,4,-1,5,0,,
464,OR,Odisha,OR_Jharsuguda,Jharsuguda,7808,30,7752,26,0,5,2,3,0,,
465,OR,Odisha,OR_Kalahandi,Kalahandi,6371,10,6329,32,0,0,0,0,0,,
466,OR,Odisha,OR_Kandhamal,Kandhamal,5947,3,5911,33,0,3,3,0,0,,
467,OR,Odisha,OR_Kendrapara,Kendrapara,9145,4,9112,29,0,1,1,0,0,,
468,OR,Odisha,OR_Kendujhar,Kendujhar,8003,12,7954,37,0,4,4,0,0,,
469,OR,Odisha,OR_Khordha,Khordha,53102,44,52712,346,0,13,1,12,0,,
470,OR,Odisha,OR_Koraput,Koraput,7882,1,7865,16,0,1,0,1,0,,
471,OR,Odisha,OR_Malkangiri,Malkangiri,5240,0,5212,28,0,0,0,0,0,,
472,OR,Odisha,OR_Mayurbhanj,Mayurbhanj,14127,36,13999,92,0,5,3,2,0,,
473,OR,Odisha,OR_Nabarangapur,Nabarangapur,5826,1,5809,16,0,0,0,0,0,,
474,OR,Odisha,OR_Nayagarh,Nayagarh,6480,0,6433,47,0,0,-1,1,0,,
475,OR,Odisha,OR_Nuapada,Nuapada,7591,12,7552,27,0,2,0,2,0,,
476,OR,Odisha,OR_Puri,Puri,14382,52,14210,120,0,7,-1,8,0,,
477,OR,Odisha,OR_Rayagada,Rayagada,8432,16,8371,45,0,3,-1,4,0,,
478,OR,Odisha,OR_Sambalpur,Sambalpur,9897,42,9778,77,0,3,-7,10,0,,
479,OR,Odisha,OR_Subarnapur,Subarnapur,4764,10,4733,21,0,1,0,1,0,,
480,OR,Odisha,OR_Sundargarh,Sundargarh,15556,125,15254,177,0,14,-7,21,0,,
485,PB,Punjab,PB_Amritsar,Amritsar,15146,153,14408,585,0,0,0,0,0,,
486,PB,Punjab,PB_Barnala,Barnala,2346,50,2229,67,0,0,0,0,0,,
487,PB,Punjab,PB_Bathinda,Bathinda,9588,69,9294,225,0,0,0,0,0,,
488,PB,Punjab,PB_Faridkot,Faridkot,4059,31,3947,81,0,0,0,0,0,,
489,PB,Punjab,PB_Fatehgarh Sahib,Fatehgarh Sahib,2639,42,2485,112,0,0,0,0,0,,
490,PB,Punjab,PB_Fazilka,Fazilka,3916,13,3831,72,0,0,0,0,0,,
491,PB,Punjab,PB_Ferozepur,Ferozepur,4587,12,4428,147,0,0,0,0,0,,
492,PB,Punjab,PB_Gurdaspur,Gurdaspur,8229,55,7902,272,0,0,0,0,0,,
493,PB,Punjab,PB_Hoshiarpur,Hoshiarpur,8152,82,7728,342,0,0,0,0,0,,
494,PB,Punjab,PB_Jalandhar,Jalandhar,20849,239,19927,683,0,0,0,0,0,,
495,PB,Punjab,PB_Kapurthala,Kapurthala,5033,81,4750,202,0,0,0,0,0,,
496,PB,Punjab,PB_Ludhiana,Ludhiana,26092,340,24745,1007,0,0,0,0,0,,
497,PB,Punjab,PB_Mansa,Mansa,2477,12,2412,53,0,0,0,0,0,,
498,PB,Punjab,PB_Moga,Moga,2816,30,2691,95,0,0,0,0,0,,
499,PB,Punjab,PB_Pathankot,Pathankot,5863,13,5687,163,0,0,0,0,0,,
500,PB,Punjab,PB_Patiala,Patiala,16490,133,15855,502,0,0,0,0,0,,
501,PB,Punjab,PB_Rupnagar,Rupnagar,3574,79,3323,172,0,0,0,0,0,,
502,PB,Punjab,PB_S.A.S. Nagar,S.A.S. Nagar,19637,414,18851,372,0,0,0,0,0,,
503,PB,Punjab,PB_Sangrur,Sangrur,4477,31,4240,206,0,0,0,0,0,,
504,PB,Punjab,PB_Shahid Bhagat Singh Nagar,Shahid Bhagat Singh Nagar,2835,212,2531,92,0,0,0,0,0,,
505,PB,Punjab,PB_Sri Muktsar Sahib,Sri Muktsar Sahib,3880,17,3765,98,0,0,0,0,0,,
506,PB,Punjab,PB_Tarn Taran,Tarn Taran,2153,4,2044,105,0,0,0,0,0,,
481,PY,Puducherry,PY_Karaikal,Karaikal,3928,50,3812,66,0,0,0,0,0,"2 case of TN has been transferred,so has been reduced from the total count.",
482,PY,Puducherry,PY_Mahe,Mahe,2113,73,2030,10,0,0,0,0,0,"1 case of KL have been transferred,so have been reduced from the total count",
483,PY,Puducherry,PY_Puducherry,Puducherry,31157,183,30440,534,0,0,0,0,0,"209 cases(204 of TN, 1 of AP and 4 other) have been transferred,so have been reduced from the total count.[July 18]4 cases have transferred to TN and have been reduced from recovered cases.",
484,PY,Puducherry,PY_Yanam,Yanam,2120,3,2072,45,0,0,0,0,0,"2 cases of AP have been transferred,so have been reduced from the total count",
507,RJ,Rajasthan,RJ_Ajmer,Ajmer,17082,79,16781,222,0,13,2,11,0,,
508,RJ,Rajasthan,RJ_Alwar,Alwar,21795,22,21695,78,0,0,-9,9,0,,
509,RJ,Rajasthan,RJ_Banswara,Banswara,2306,17,2255,34,0,5,3,2,0,,
510,RJ,Rajasthan,RJ_Baran,Baran,2638,17,2585,36,0,0,0,0,0,,
511,RJ,Rajasthan,RJ_Barmer,Barmer,5036,9,4974,53,0,0,0,0,0,,
512,RJ,Rajasthan,RJ_Bharatpur,Bharatpur,9086,11,8955,120,0,0,-1,1,0,,
513,RJ,Rajasthan,RJ_Bhilwara,Bhilwara,10295,94,10161,40,0,2,2,0,0,,
514,RJ,Rajasthan,RJ_Bikaner,Bikaner,19058,9,18882,167,0,0,-2,2,0,,
0,RJ,Rajasthan,RJ_BSF Camp,BSF Camp,85,0,85,0,0,0,0,0,0,,
515,RJ,Rajasthan,RJ_Bundi,Bundi,3066,19,3028,19,0,1,-1,2,0,,
516,RJ,Rajasthan,RJ_Chittorgarh,Chittorgarh,3966,23,3903,40,0,2,-3,5,0,,
517,RJ,Rajasthan,RJ_Churu,Churu,4377,0,4336,41,0,0,0,0,0,,
518,RJ,Rajasthan,RJ_Dausa,Dausa,2431,3,2404,24,0,0,-3,3,0,,
519,RJ,Rajasthan,RJ_Dholpur,Dholpur,3765,3,3733,29,0,0,0,0,0,,
520,RJ,Rajasthan,RJ_Dungarpur,Dungarpur,4992,35,4923,34,0,3,-11,14,0,,
0,RJ,Rajasthan,RJ_Evacuees,Evacuees,61,0,61,0,0,0,0,0,0,,
521,RJ,Rajasthan,RJ_Ganganagar,Ganganagar,6765,22,6701,42,0,1,1,0,0,,
522,RJ,Rajasthan,RJ_Hanumangarh,Hanumangarh,2976,0,2964,12,0,0,0,0,0,,
0,RJ,Rajasthan,RJ_Italians,Italians,2,0,2,0,0,0,0,0,0,,
523,RJ,Rajasthan,RJ_Jaipur,Jaipur,59112,306,58289,517,0,19,-10,29,0,,
524,RJ,Rajasthan,RJ_Jaisalmer,Jaisalmer,2242,7,2210,25,0,0,-3,3,0,,
525,RJ,Rajasthan,RJ_Jalore,Jalore,5611,6,5553,52,0,0,0,0,0,,
526,RJ,Rajasthan,RJ_Jhalawar,Jhalawar,3663,27,3612,24,0,3,1,2,0,,
527,RJ,Rajasthan,RJ_Jhunjhunu,Jhunjhunu,4571,1,4517,53,0,1,1,0,0,,
528,RJ,Rajasthan,RJ_Jodhpur,Jodhpur,44831,114,44414,303,0,12,-9,21,0,,
529,RJ,Rajasthan,RJ_Karauli,Karauli,1558,4,1534,20,0,0,-4,4,0,,
530,RJ,Rajasthan,RJ_Kota,Kota,19853,284,19400,169,0,16,16,0,0,,
531,RJ,Rajasthan,RJ_Nagaur,Nagaur,10274,26,10153,95,0,5,-1,6,0,,
0,RJ,Rajasthan,RJ_Other State,Other State,189,0,150,39,0,0,0,0,0,,
532,RJ,Rajasthan,RJ_Pali,Pali,11010,9,10892,109,0,0,-3,3,0,,
533,RJ,Rajasthan,RJ_Pratapgarh,Pratapgarh,1251,14,1215,22,0,2,2,0,0,,
534,RJ,Rajasthan,RJ_Rajsamand,Rajsamand,4197,48,4107,42,0,0,0,0,0,,
535,RJ,Rajasthan,RJ_Sawai Madhopur,Sawai Madhopur,2122,0,2095,27,0,0,0,0,0,,
536,RJ,Rajasthan,RJ_Sikar,Sikar,9063,17,8945,101,0,0,-1,1,0,,
537,RJ,Rajasthan,RJ_Sirohi,Sirohi,3765,10,3726,29,0,0,-1,1,0,,
538,RJ,Rajasthan,RJ_Tonk,Tonk,3459,0,3423,36,0,0,0,0,0,,
539,RJ,Rajasthan,RJ_Udaipur,Udaipur,11831,199,11512,120,0,5,-1,6,0,,
540,SK,Sikkim,SK_East Sikkim,East Sikkim,1617,508,1106,3,0,0,0,0,0,,
541,SK,Sikkim,SK_North Sikkim,North Sikkim,5,4,1,0,0,0,0,0,0,,
542,SK,Sikkim,SK_South Sikkim,South Sikkim,498,425,73,0,0,0,0,0,0,,
543,SK,Sikkim,SK_West Sikkim,West Sikkim,107,92,15,0,0,0,0,0,0,,
0,TG,Telangana,TG_Foreign Evacuees,Foreign Evacuees,33,33,0,0,0,0,0,0,0,District-wise numbers are out-dated as cumulative counts for each district are not reported in Telangana bulletin,
0,TG,Telangana,TG_Other State,Other State,250,250,0,0,0,0,0,0,0,District-wise numbers are out-dated as cumulative counts for each district are not reported in Telangana bulletin,
576,TG,Telangana,TG_Adilabad,Adilabad,2904,2889,15,0,0,4,4,0,0,District-wise numbers are out-dated as cumulative counts for each district are not reported in Telangana bulletin,
577,TG,Telangana,TG_Bhadradri Kothagudem,Bhadradri Kothagudem,9031,9027,4,0,0,7,7,0,0,District-wise numbers are out-dated as cumulative counts for each district are not reported in Telangana bulletin,
578,TG,Telangana,TG_Hyderabad,Hyderabad,80019,79691,305,23,0,25,25,0,0,District-wise numbers are out-dated as cumulative counts for each district are not reported in Telangana bulletin,
579,TG,Telangana,TG_Jagtial,Jagtial,6210,6208,2,0,0,5,5,0,0,District-wise numbers are out-dated as cumulative counts for each district are not reported in Telangana bulletin,
580,TG,Telangana,TG_Jangaon,Jangaon,3653,3652,1,0,0,4,4,0,0,District-wise numbers are out-dated as cumulative counts for each district are not reported in Telangana bulletin,
581,TG,Telangana,TG_Jayashankar Bhupalapally,Jayashankar Bhupalapally,2530,2530,0,0,0,3,3,0,0,District-wise numbers are out-dated as cumulative counts for each district are not reported in Telangana bulletin,
582,TG,Telangana,TG_Jogulamba Gadwal,Jogulamba Gadwal,3372,3346,25,1,0,0,0,0,0,District-wise numbers are out-dated as cumulative counts for each district are not reported in Telangana bulletin,
583,TG,Telangana,TG_Kamareddy,Kamareddy,5622,5614,8,0,0,0,0,0,0,District-wise numbers are out-dated as cumulative counts for each district are not reported in Telangana bulletin,
584,TG,Telangana,TG_Karimnagar,Karimnagar,13864,13848,16,0,0,6,6,0,0,District-wise numbers are out-dated as cumulative counts for each district are not reported in Telangana bulletin,
585,TG,Telangana,TG_Khammam,Khammam,10653,10650,3,0,0,6,6,0,0,District-wise numbers are out-dated as cumulative counts for each district are not reported in Telangana bulletin,
586,TG,Telangana,TG_Komaram Bheem,Komaram Bheem,1616,1614,2,0,0,3,3,0,0,District-wise numbers are out-dated as cumulative counts for each district are not reported in Telangana bulletin,
587,TG,Telangana,TG_Mahabubabad,Mahabubabad,5442,5441,1,0,0,4,4,0,0,District-wise numbers are out-dated as cumulative counts for each district are not reported in Telangana bulletin,
588,TG,Telangana,TG_Mahabubnagar,Mahabubnagar,5052,5044,8,0,0,4,4,0,0,District-wise numbers are out-dated as cumulative counts for each district are not reported in Telangana bulletin,
589,TG,Telangana,TG_Mancherial,Mancherial,5498,5497,0,1,0,6,6,0,0,District-wise numbers are out-dated as cumulative counts for each district are not reported in Telangana bulletin,
590,TG,Telangana,TG_Medak,Medak,3697,3693,4,0,0,3,3,0,0,District-wise numbers are out-dated as cumulative counts for each district are not reported in Telangana bulletin,
591,TG,Telangana,TG_Medchal Malkajgiri,Medchal Malkajgiri,19710,19700,9,1,0,9,9,0,0,District-wise numbers are out-dated as cumulative counts for each district are not reported in Telangana bulletin,
592,TG,Telangana,TG_Mulugu,Mulugu,2999,2997,2,0,0,3,3,0,0,District-wise numbers are out-dated as cumulative counts for each district are not reported in Telangana bulletin,
593,TG,Telangana,TG_Nagarkurnool,Nagarkurnool,4418,4416,2,0,0,0,0,0,0,District-wise numbers are out-dated as cumulative counts for each district are not reported in Telangana bulletin,
594,TG,Telangana,TG_Nalgonda,Nalgonda,12410,12398,12,0,0,5,5,0,0,District-wise numbers are out-dated as cumulative counts for each district are not reported in Telangana bulletin,
595,TG,Telangana,TG_Narayanpet,Narayanpet,1122,1121,0,1,0,0,0,0,0,District-wise numbers are out-dated as cumulative counts for each district are not reported in Telangana bulletin,
596,TG,Telangana,TG_Nirmal,Nirmal,2652,2639,13,0,0,3,3,0,0,District-wise numbers are out-dated as cumulative counts for each district are not reported in Telangana bulletin,
597,TG,Telangana,TG_Nizamabad,Nizamabad,8182,8152,30,0,0,4,4,0,0,District-wise numbers are out-dated as cumulative counts for each district are not reported in Telangana bulletin,
598,TG,Telangana,TG_Peddapalli,Peddapalli,5866,5865,1,0,0,4,4,0,0,District-wise numbers are out-dated as cumulative counts for each district are not reported in Telangana bulletin,
599,TG,Telangana,TG_Rajanna Sircilla,Rajanna Sircilla,5141,5139,2,0,0,6,6,0,0,District-wise numbers are out-dated as cumulative counts for each district are not reported in Telangana bulletin,
600,TG,Telangana,TG_Ranga Reddy,Ranga Reddy,24371,24352,17,2,0,8,8,0,0,District-wise numbers are out-dated as cumulative counts for each district are not reported in Telangana bulletin,
601,TG,Telangana,TG_Sangareddy,Sangareddy,8061,8055,6,0,0,4,4,0,0,District-wise numbers are out-dated as cumulative counts for each district are not reported in Telangana bulletin,
602,TG,Telangana,TG_Siddipet,Siddipet,7971,7970,1,0,0,3,3,0,0,District-wise numbers are out-dated as cumulative counts for each district are not reported in Telangana bulletin,
603,TG,Telangana,TG_Suryapet,Suryapet,7084,7060,24,0,0,4,4,0,0,District-wise numbers are out-dated as cumulative counts for each district are not reported in Telangana bulletin,
604,TG,Telangana,TG_Vikarabad,Vikarabad,2593,2577,15,1,0,3,3,0,0,District-wise numbers are out-dated as cumulative counts for each district are not reported in Telangana bulletin,
605,TG,Telangana,TG_Wanaparthy,Wanaparthy,3559,3559,0,0,0,0,0,0,0,District-wise numbers are out-dated as cumulative counts for each district are not reported in Telangana bulletin,
606,TG,Telangana,TG_Warangal Rural,Warangal Rural,3798,3798,0,0,0,2,2,0,0,District-wise numbers are out-dated as cumulative counts for each district are not reported in Telangana bulletin,
607,TG,Telangana,TG_Warangal Urban,Warangal Urban,11901,11878,23,0,0,8,8,0,0,District-wise numbers are out-dated as cumulative counts for each district are not reported in Telangana bulletin,
608,TG,Telangana,TG_Yadadri Bhuvanagiri,Yadadri Bhuvanagiri,4051,4051,0,0,0,3,3,0,0,District-wise numbers are out-dated as cumulative counts for each district are not reported in Telangana bulletin,
0,TN,Tamil Nadu,TN_Railway Quarantine,Railway Quarantine,428,0,428,0,0,0,0,0,0,,
0,TN,Tamil Nadu,TN_Airport Quarantine,Airport Quarantine,1982,4,1976,2,0,0,-2,2,0,,
0,TN,Tamil Nadu,TN_Other State,Other State,0,-3,0,3,0,0,0,0,0,,
544,TN,Tamil Nadu,TN_Ariyalur,Ariyalur,4709,15,4645,49,0,1,-3,4,0,,
732,TN,Tamil Nadu,TN_Chengalpattu,Chengalpattu,51875,256,50848,771,0,35,-14,48,1,,
545,TN,Tamil Nadu,TN_Chennai,Chennai,232603,1553,226935,4115,0,139,-1,138,2,[July 22]: 444 backdated deceased entries added to Chennai in TN bulletin.,
546,TN,Tamil Nadu,TN_Coimbatore,Coimbatore,54905,458,53773,674,0,54,3,51,0,,
547,TN,Tamil Nadu,TN_Cuddalore,Cuddalore,25012,68,24657,287,0,1,-10,11,0,,
548,TN,Tamil Nadu,TN_Dharmapuri,Dharmapuri,6610,25,6531,54,0,8,4,4,0,,
549,TN,Tamil Nadu,TN_Dindigul,Dindigul,11315,52,11064,199,0,6,-7,13,0,,
550,TN,Tamil Nadu,TN_Erode,Erode,14551,190,14211,150,0,25,7,18,0,,
734,TN,Tamil Nadu,TN_Kallakurichi,Kallakurichi,10891,12,10771,108,0,4,3,1,0,,
551,TN,Tamil Nadu,TN_Kancheepuram,Kancheepuram,29342,107,28795,440,0,14,4,10,0,,
552,TN,Tamil Nadu,TN_Kanyakumari,Kanyakumari,16924,89,16576,259,0,11,-2,13,0,,
553,TN,Tamil Nadu,TN_Karur,Karur,5434,34,5350,50,0,6,2,4,0,,
554,TN,Tamil Nadu,TN_Krishnagiri,Krishnagiri,8099,21,7961,117,0,1,-4,5,0,,
555,TN,Tamil Nadu,TN_Madurai,Madurai,21093,85,20549,459,0,4,-5,9,0,,
556,TN,Tamil Nadu,TN_Nagapattinam,Nagapattinam,8502,52,8317,133,0,9,5,4,0,,
557,TN,Tamil Nadu,TN_Namakkal,Namakkal,11709,77,11521,111,0,10,-2,12,0,,
564,TN,Tamil Nadu,TN_Nilgiris,Nilgiris,8255,45,8163,47,0,7,5,2,0,,
558,TN,Tamil Nadu,TN_Perambalur,Perambalur,2271,5,2245,21,0,0,0,0,0,,
559,TN,Tamil Nadu,TN_Pudukkottai,Pudukkottai,11588,24,11408,156,0,5,-1,6,0,,
560,TN,Tamil Nadu,TN_Ramanathapuram,Ramanathapuram,6426,9,6280,137,0,0,-1,1,0,,
733,TN,Tamil Nadu,TN_Ranipet,Ranipet,16153,30,15935,188,0,3,1,2,0,,
561,TN,Tamil Nadu,TN_Salem,Salem,32528,97,31965,466,0,17,6,11,0,,
562,TN,Tamil Nadu,TN_Sivaganga,Sivaganga,6679,19,6534,126,0,-1,-2,1,0,,
731,TN,Tamil Nadu,TN_Tenkasi,Tenkasi,8455,28,8268,159,0,6,0,6,0,,
563,TN,Tamil Nadu,TN_Thanjavur,Thanjavur,17830,149,17433,248,0,12,0,12,0,,
565,TN,Tamil Nadu,TN_Theni,Theni,17111,32,16874,205,0,3,0,3,0,,
566,TN,Tamil Nadu,TN_Thiruvallur,Thiruvallur,43771,240,42839,692,0,36,21,14,1,,
567,TN,Tamil Nadu,TN_Thiruvarur,Thiruvarur,11244,44,11091,109,0,2,-6,8,0,,
568,TN,Tamil Nadu,TN_Thoothukkudi,Thoothukkudi,16296,15,16140,141,0,4,3,1,0,,
569,TN,Tamil Nadu,TN_Tiruchirappalli,Tiruchirappalli,14797,111,14506,180,0,12,2,10,0,,
570,TN,Tamil Nadu,TN_Tirunelveli,Tirunelveli,15637,61,15362,214,0,7,3,4,0,,
735,TN,Tamil Nadu,TN_Tirupathur,Tirupathur,7602,23,7453,126,0,3,-1,4,0,,
571,TN,Tamil Nadu,TN_Tiruppur,Tiruppur,18058,138,17699,221,0,9,-18,27,0,,
572,TN,Tamil Nadu,TN_Tiruvannamalai,Tiruvannamalai,19402,38,19081,283,0,5,-1,6,0,,
573,TN,Tamil Nadu,TN_Vellore,Vellore,20826,72,20406,348,0,5,-9,14,0,,
574,TN,Tamil Nadu,TN_Viluppuram,Viluppuram,15215,26,15077,112,0,5,-2,7,0,,
575,TN,Tamil Nadu,TN_Virudhunagar,Virudhunagar,16602,27,16344,231,0,1,-4,5,0,,
609,TR,Tripura,TR_Dhalai,Dhalai,3473,0,3454,18,1,0,0,0,0,,
610,TR,Tripura,TR_Gomati,Gomati,3930,1,3884,44,1,0,0,0,0,,
611,TR,Tripura,TR_Khowai,Khowai,1843,3,1809,31,0,1,1,0,0,,
612,TR,Tripura,TR_North Tripura,North Tripura,2759,0,2736,16,7,0,0,0,0,,
613,TR,Tripura,TR_Sipahijala,Sipahijala,2881,0,2842,39,0,0,0,0,0,,
614,TR,Tripura,TR_South Tripura,South Tripura,4056,1,4029,23,3,0,0,0,0,,
615,TR,Tripura,TR_Unokoti,Unokoti,2767,0,2744,23,0,0,0,0,0,,
616,TR,Tripura,TR_West Tripura,West Tripura,11641,2,11434,194,11,0,-2,2,0,,
617,UP,Uttar Pradesh,UP_Agra,Agra,10507,27,10308,172,0,1,-4,5,0,,
618,UP,Uttar Pradesh,UP_Aligarh,Aligarh,11424,26,11342,56,0,0,-7,7,0,,
619,UP,Uttar Pradesh,UP_Ambedkar Nagar,Ambedkar Nagar,1913,36,1833,44,0,0,0,0,0,,
620,UP,Uttar Pradesh,UP_Amethi,Amethi,3749,23,3687,39,0,0,0,0,0,,
621,UP,Uttar Pradesh,UP_Amroha,Amroha,4329,24,4255,50,0,3,2,1,0,,
622,UP,Uttar Pradesh,UP_Auraiya,Auraiya,3532,31,3454,47,0,0,0,0,0,,
765,UP,Uttar Pradesh,UP_Ayodhya,Ayodhya,8154,27,8003,124,0,1,1,0,0,,
623,UP,Uttar Pradesh,UP_Azamgarh,Azamgarh,6044,21,5927,96,0,0,-2,2,0,,
624,UP,Uttar Pradesh,UP_Baghpat,Baghpat,2329,2,2291,36,0,0,0,0,0,,
625,UP,Uttar Pradesh,UP_Bahraich,Bahraich,4134,19,4039,76,0,0,0,0,0,,
626,UP,Uttar Pradesh,UP_Ballia,Ballia,7898,126,7666,106,0,2,2,0,0,,
627,UP,Uttar Pradesh,UP_Balrampur,Balrampur,2204,40,2128,36,0,0,-1,1,0,,
628,UP,Uttar Pradesh,UP_Banda,Banda,3865,14,3808,43,0,1,0,1,0,,
629,UP,Uttar Pradesh,UP_Barabanki,Barabanki,7813,15,7696,102,0,0,0,0,0,,
630,UP,Uttar Pradesh,UP_Bareilly,Bareilly,14612,84,14363,165,0,0,-20,20,0,,
631,UP,Uttar Pradesh,UP_Basti,Basti,5300,68,5133,99,0,4,3,1,0,,
632,UP,Uttar Pradesh,UP_Bhadohi,Bhadohi,2249,36,2190,23,0,0,-2,2,0,,
633,UP,Uttar Pradesh,UP_Bijnor,Bijnor,4411,15,4332,64,0,1,-6,7,0,,
634,UP,Uttar Pradesh,UP_Budaun,Budaun,4056,14,3997,45,0,6,4,2,0,,
635,UP,Uttar Pradesh,UP_Bulandshahr,Bulandshahr,6281,28,6160,93,0,3,0,3,0,,
636,UP,Uttar Pradesh,UP_Chandauli,Chandauli,4868,18,4784,66,0,1,1,0,0,,
637,UP,Uttar Pradesh,UP_Chitrakoot,Chitrakoot,2189,2,2172,15,0,0,0,0,0,,
638,UP,Uttar Pradesh,UP_Deoria,Deoria,6761,72,6594,95,0,1,1,0,0,,
639,UP,Uttar Pradesh,UP_Etah,Etah,2533,15,2491,27,0,0,0,0,0,,
640,UP,Uttar Pradesh,UP_Etawah,Etawah,5761,47,5608,106,0,0,-5,5,0,,
642,UP,Uttar Pradesh,UP_Farrukhabad,Farrukhabad,4706,4,4614,88,0,-1,-5,5,-1,,
643,UP,Uttar Pradesh,UP_Fatehpur,Fatehpur,3832,77,3687,68,0,1,1,0,0,,
644,UP,Uttar Pradesh,UP_Firozabad,Firozabad,3877,11,3798,68,0,0,0,0,0,,
645,UP,Uttar Pradesh,UP_Gautam Buddha Nagar,Gautam Buddha Nagar,25404,41,25272,91,0,2,0,2,0,,
646,UP,Uttar Pradesh,UP_Ghaziabad,Ghaziabad,26632,59,26471,102,0,4,-9,13,0,,
647,UP,Uttar Pradesh,UP_Ghazipur,Ghazipur,5252,19,5141,92,0,1,0,1,0,,
648,UP,Uttar Pradesh,UP_Gonda,Gonda,5065,23,4972,70,0,1,0,1,0,,
649,UP,Uttar Pradesh,UP_Gorakhpur,Gorakhpur,21432,76,20996,360,0,4,3,1,0,,
650,UP,Uttar Pradesh,UP_Hamirpur,Hamirpur,1580,2,1557,21,0,0,0,0,0,,
651,UP,Uttar Pradesh,UP_Hapur,Hapur,4387,13,4306,68,0,2,2,0,0,,
652,UP,Uttar Pradesh,UP_Hardoi,Hardoi,5935,76,5750,109,0,1,-3,4,0,,
653,UP,Uttar Pradesh,UP_Hathras,Hathras,1313,5,1301,7,0,4,3,1,0,,
654,UP,Uttar Pradesh,UP_Jalaun,Jalaun,3986,34,3905,47,0,0,0,0,0,,
655,UP,Uttar Pradesh,UP_Jaunpur,Jaunpur,6713,16,6598,99,0,1,-1,2,0,,
656,UP,Uttar Pradesh,UP_Jhansi,Jhansi,10431,42,10211,178,0,0,-3,3,0,,
657,UP,Uttar Pradesh,UP_Kannauj,Kannauj,3502,7,3446,49,0,0,0,0,0,,
658,UP,Uttar Pradesh,UP_Kanpur Dehat,Kanpur Dehat,2127,20,2071,36,0,0,0,0,0,,
659,UP,Uttar Pradesh,UP_Kanpur Nagar,Kanpur Nagar,32924,75,32011,838,0,12,3,9,0,,
660,UP,Uttar Pradesh,UP_Kasganj,Kasganj,1963,0,1957,6,0,-1,-1,0,0,,
661,UP,Uttar Pradesh,UP_Kaushambi,Kaushambi,2266,2,2237,27,0,0,0,0,0,,
663,UP,Uttar Pradesh,UP_Kushinagar,Kushinagar,5703,56,5585,62,0,0,-1,1,0,,
662,UP,Uttar Pradesh,UP_Lakhimpur Kheri,Lakhimpur Kheri,7659,26,7535,98,0,0,0,0,0,,
664,UP,Uttar Pradesh,UP_Lalitpur,Lalitpur,3461,26,3388,47,0,2,1,1,0,,
665,UP,Uttar Pradesh,UP_Lucknow,Lucknow,81572,380,80009,1183,0,11,-23,34,0,,
667,UP,Uttar Pradesh,UP_Maharajganj,Maharajganj,5809,9,5709,91,0,0,0,0,0,,
666,UP,Uttar Pradesh,UP_Mahoba,Mahoba,1476,2,1462,12,0,0,0,0,0,,
668,UP,Uttar Pradesh,UP_Mainpuri,Mainpuri,3830,19,3735,76,0,2,2,0,0,,
669,UP,Uttar Pradesh,UP_Mathura,Mathura,6819,16,6691,112,0,-1,-3,1,1,,
670,UP,Uttar Pradesh,UP_Mau,Mau,3065,10,3016,39,0,1,-1,2,0,,
671,UP,Uttar Pradesh,UP_Meerut,Meerut,22313,364,21511,438,0,0,-17,17,0,,
672,UP,Uttar Pradesh,UP_Mirzapur,Mirzapur,3451,15,3390,46,0,1,0,1,0,,
673,UP,Uttar Pradesh,UP_Moradabad,Moradabad,11876,62,11631,183,0,3,1,2,0,,
674,UP,Uttar Pradesh,UP_Muzaffarnagar,Muzaffarnagar,8860,58,8691,111,0,6,-15,21,0,,
675,UP,Uttar Pradesh,UP_Pilibhit,Pilibhit,4200,10,4109,81,0,1,0,1,0,,
676,UP,Uttar Pradesh,UP_Pratapgarh,Pratapgarh,5410,14,5323,73,0,0,0,0,0,,
677,UP,Uttar Pradesh,UP_Prayagraj,Prayagraj,29161,107,28647,407,0,2,-6,8,0,,
678,UP,Uttar Pradesh,UP_Rae Bareli,Rae Bareli,5540,30,5399,111,0,3,-3,6,0,,
679,UP,Uttar Pradesh,UP_Rampur,Rampur,5518,42,5418,58,0,0,-1,1,0,,
680,UP,Uttar Pradesh,UP_Saharanpur,Saharanpur,10093,36,9922,135,0,-1,-8,7,0,,
681,UP,Uttar Pradesh,UP_Sambhal,Sambhal,3207,143,3019,45,0,0,0,0,0,,
682,UP,Uttar Pradesh,UP_Sant Kabir Nagar,Sant Kabir Nagar,3408,11,3353,44,0,0,-1,1,0,,
683,UP,Uttar Pradesh,UP_Shahjahanpur,Shahjahanpur,6946,21,6812,113,0,3,3,0,0,,
684,UP,Uttar Pradesh,UP_Shamli,Shamli,3659,17,3611,31,0,0,-3,3,0,,
685,UP,Uttar Pradesh,UP_Shrawasti,Shrawasti,1365,1,1346,18,0,0,-1,1,0,,
686,UP,Uttar Pradesh,UP_Siddharthnagar,Siddharthnagar,4087,17,4017,53,0,0,0,0,0,,
687,UP,Uttar Pradesh,UP_Sitapur,Sitapur,4833,8,4744,81,0,1,1,0,0,,
688,UP,Uttar Pradesh,UP_Sonbhadra,Sonbhadra,4997,90,4832,75,0,6,4,2,0,,
689,UP,Uttar Pradesh,UP_Sultanpur,Sultanpur,4987,78,4832,77,0,2,-21,23,0,,
690,UP,Uttar Pradesh,UP_Unnao,Unnao,4554,120,4348,86,0,2,1,1,0,,
691,UP,Uttar Pradesh,UP_Varanasi,Varanasi,23460,86,22918,456,0,8,-2,10,0,,
692,UT,Uttarakhand,UT_Almora,Almora,3256,97,3018,25,116,0,0,0,0,,
693,UT,Uttarakhand,UT_Bageshwar,Bageshwar,1540,87,1436,17,0,0,-21,21,0,,
694,UT,Uttarakhand,UT_Chamoli,Chamoli,3472,21,3352,15,84,7,7,0,0,,
695,UT,Uttarakhand,UT_Champawat,Champawat,1818,14,1721,9,74,0,0,0,0,,
696,UT,Uttarakhand,UT_Dehradun,Dehradun,29505,93,28026,953,433,18,-1,17,2,,
697,UT,Uttarakhand,UT_Haridwar,Haridwar,14053,125,13605,157,166,3,-8,11,0,,
698,UT,Uttarakhand,UT_Nainital,Nainital,12634,119,12212,232,71,17,2,15,0,,
699,UT,Uttarakhand,UT_Pauri Garhwal,Pauri Garhwal,5156,30,5043,59,24,0,0,0,0,,
700,UT,Uttarakhand,UT_Pithoragarh,Pithoragarh,3355,70,3239,46,0,0,-2,2,0,,
701,UT,Uttarakhand,UT_Rudraprayag,Rudraprayag,2269,20,2233,10,6,0,0,0,0,,
702,UT,Uttarakhand,UT_Tehri Garhwal,Tehri Garhwal,4227,25,4029,16,157,0,-1,1,0,,
703,UT,Uttarakhand,UT_Udham Singh Nagar,Udham Singh Nagar,11513,71,11209,117,116,9,9,0,0,,
704,UT,Uttarakhand,UT_Uttarkashi,Uttarkashi,3792,18,3640,17,117,0,0,0,0,,
705,WB,West Bengal,WB_Alipurduar,Alipurduar,7702,20,7596,86,0,1,-1,2,0,,
706,WB,West Bengal,WB_Bankura,Bankura,11885,119,11674,92,0,4,-7,11,0,,
707,WB,West Bengal,WB_Birbhum,Birbhum,10002,133,9780,89,0,7,2,5,0,,
708,WB,West Bengal,WB_Cooch Behar,Cooch Behar,11825,52,11701,72,0,1,-2,3,0,,
709,WB,West Bengal,WB_Dakshin Dinajpur,Dakshin Dinajpur,8168,41,8053,74,0,1,0,1,0,,
710,WB,West Bengal,WB_Darjeeling,Darjeeling,18365,137,18025,203,0,9,0,9,0,,
711,WB,West Bengal,WB_Hooghly,Hooghly,29505,143,28867,495,0,9,-6,15,0,,
712,WB,West Bengal,WB_Howrah,Howrah,35607,133,34430,1044,0,11,-10,20,1,,
713,WB,West Bengal,WB_Jalpaiguri,Jalpaiguri,14659,103,14394,162,0,1,-3,4,0,,
714,WB,West Bengal,WB_Jhargram,Jhargram,3041,28,2991,22,0,0,-2,2,0,,
715,WB,West Bengal,WB_Kalimpong,Kalimpong,2229,30,2173,26,0,0,-1,1,0,,
716,WB,West Bengal,WB_Kolkata,Kolkata,128261,1124,124054,3083,0,48,-6,52,2,,
717,WB,West Bengal,WB_Malda,Malda,12665,67,12484,114,0,1,-5,6,0,,
719,WB,West Bengal,WB_Murshidabad,Murshidabad,12275,91,12035,149,0,2,-6,8,0,,
720,WB,West Bengal,WB_Nadia,Nadia,22569,147,22104,318,0,5,-6,10,1,,
721,WB,West Bengal,WB_North 24 Parganas,North 24 Parganas,122199,1026,118682,2491,0,29,-45,72,2,,
0,WB,West Bengal,WB_Other State,Other State,66,0,63,3,0,0,0,0,0,,
722,WB,West Bengal,WB_Paschim Bardhaman,Paschim Bardhaman,16265,289,15808,168,0,5,-9,14,0,,
718,WB,West Bengal,WB_Paschim Medinipur,Paschim Medinipur,20188,99,19780,309,0,1,-6,7,0,,
723,WB,West Bengal,WB_Purba Bardhaman,Purba Bardhaman,12636,71,12465,100,0,1,-4,5,0,,
724,WB,West Bengal,WB_Purba Medinipur,Purba Medinipur,20634,185,20170,279,0,2,-8,10,0,,
725,WB,West Bengal,WB_Purulia,Purulia,7199,111,7040,48,0,2,-3,5,0,,
726,WB,West Bengal,WB_South 24 Parganas,South 24 Parganas,37048,251,36084,713,0,4,-7,11,0,,
727,WB,West Bengal,WB_Uttar Dinajpur,Uttar Dinajpur,6643,96,6472,75,0,2,-1,3,0,,
728,AN,Andaman and Nicobar Islands,AN_Unknown,Unknown,4953,-8,4899,62,0,0,0,0,0,,
729,AP,Andhra Pradesh,AP_Unknown,Unknown,0,0,0,0,0,0,0,0,0,,
730,AR,Arunachal Pradesh,AR_Unknown,Unknown,0,0,0,0,0,0,0,0,0,,
731,AS,Assam,AS_Unknown,Unknown,102285,-67902,168550,290,1347,0,0,0,0,,
732,BR,Bihar,BR_Unknown,Unknown,0,0,0,0,0,0,0,0,0,,
733,CH,Chandigarh,CH_Unknown,Unknown,0,0,0,0,0,0,0,0,0,,
734,CT,Chhattisgarh,CT_Unknown,Unknown,0,0,0,0,0,0,0,0,0,,
735,DN,Dadra and Nagar Haveli and Daman and Diu,DN_Unknown,Unknown,0,0,0,0,0,0,0,0,0,,
737,DL,Delhi,DL_Unknown,Unknown,635472,265,624326,10881,0,0,0,0,0,,
738,GA,Goa,GA_Unknown,Unknown,47617,-2934,49969,582,0,0,0,0,0,,
739,GJ,Gujarat,GJ_Unknown,Unknown,0,0,0,0,0,0,0,0,0,,
740,HR,Haryana,HR_Unknown,Unknown,0,0,0,0,0,0,0,0,0,,
741,HP,Himachal Pradesh,HP_Unknown,Unknown,0,0,0,0,0,0,0,0,0,,
742,JK,Jammu and Kashmir,JK_Unknown,Unknown,0,0,0,0,0,0,0,0,0,,
743,JH,Jharkhand,JH_Unknown,Unknown,0,0,0,0,0,0,0,0,0,,
744,KA,Karnataka,KA_Unknown,Unknown,0,0,0,0,0,0,0,0,0,,
745,KL,Kerala,KL_Unknown,Unknown,0,0,0,0,0,0,0,0,0,,
746,LA,Ladakh,LA_Unknown,Unknown,0,0,0,0,0,0,0,0,0,,
747,LD,Lakshadweep,LD_Unknown,Unknown,0,0,0,0,0,0,0,0,0,,
748,MP,Madhya Pradesh,MP_Unknown,Unknown,0,0,0,0,0,0,0,0,0,,
749,MH,Maharashtra,MH_Unknown,Unknown,0,0,0,0,0,0,0,0,0,,
750,MN,Manipur,MN_Unknown,Unknown,1412,-25394,26745,61,0,0,0,0,0,,
751,ML,Meghalaya,ML_Unknown,Unknown,0,0,0,0,0,0,0,0,0,,
752,MZ,Mizoram,MZ_Unknown,Unknown,0,0,0,0,0,0,0,0,0,,
753,NL,Nagaland,NL_Unknown,Unknown,0,0,0,0,0,0,0,0,0,,
754,OR,Odisha,OR_Unknown,Unknown,0,0,0,0,0,0,0,0,0,,
755,PY,Puducherry,PY_Unknown,Unknown,0,0,0,0,0,0,0,0,0,,
756,PB,Punjab,PB_Unknown,Unknown,0,0,0,0,0,0,0,0,0,,
757,RJ,Rajasthan,RJ_Unknown,Unknown,0,0,0,0,0,0,0,0,0,,
758,SK,Sikkim,SK_Unknown,Unknown,3883,-962,4618,132,95,0,0,0,0,,
759,TN,Tamil Nadu,TN_Unknown,Unknown,0,0,0,0,0,0,0,0,0,,
760,TG,Telangana,TG_Unknown,Unknown,496,-292950,291864,1582,0,0,0,0,0,,
761,TR,Tripura,TR_Unknown,Unknown,0,0,0,0,0,0,0,0,0,,
762,UP,Uttar Pradesh,UP_Unknown,Unknown,0,0,0,0,0,0,0,0,0,,
763,UT,Uttarakhand,UT_Unknown,Unknown,0,0,0,0,0,0,0,0,0,,
764,WB,West Bengal,WB_Unknown,Unknown,0,0,0,0,0,0,0,0,0,,